-- MySQL dump 10.13  Distrib 5.7.34, for Win64 (x86_64)
--
-- Host: localhost    Database: hatchat
-- ------------------------------------------------------
-- Server version	5.7.34-log

/*!40101 SET @OLD_CHARACTER_SET_CLIENT=@@CHARACTER_SET_CLIENT */;
/*!40101 SET @OLD_CHARACTER_SET_RESULTS=@@CHARACTER_SET_RESULTS */;
/*!40101 SET @OLD_COLLATION_CONNECTION=@@COLLATION_CONNECTION */;
/*!40101 SET NAMES utf8 */;
/*!40103 SET @OLD_TIME_ZONE=@@TIME_ZONE */;
/*!40103 SET TIME_ZONE='+00:00' */;
/*!40014 SET @OLD_UNIQUE_CHECKS=@@UNIQUE_CHECKS, UNIQUE_CHECKS=0 */;
/*!40014 SET @OLD_FOREIGN_KEY_CHECKS=@@FOREIGN_KEY_CHECKS, FOREIGN_KEY_CHECKS=0 */;
/*!40101 SET @OLD_SQL_MODE=@@SQL_MODE, SQL_MODE='NO_AUTO_VALUE_ON_ZERO' */;
/*!40111 SET @OLD_SQL_NOTES=@@SQL_NOTES, SQL_NOTES=0 */;

--
-- Table structure for table `administrador`
--

DROP TABLE IF EXISTS `administrador`;
/*!40101 SET @saved_cs_client     = @@character_set_client */;
/*!40101 SET character_set_client = utf8 */;
CREATE TABLE `administrador` (
  `ci` char(8) NOT NULL,
  PRIMARY KEY (`ci`),
  CONSTRAINT `administrador_ibfk_1` FOREIGN KEY (`ci`) REFERENCES `usuario` (`ci`)
) ENGINE=InnoDB DEFAULT CHARSET=latin1;
/*!40101 SET character_set_client = @saved_cs_client */;

--
-- Dumping data for table `administrador`
--

LOCK TABLES `administrador` WRITE;
/*!40000 ALTER TABLE `administrador` DISABLE KEYS */;
INSERT INTO `administrador` VALUES ('00000000');
/*!40000 ALTER TABLE `administrador` ENABLE KEYS */;
UNLOCK TABLES;

--
-- Table structure for table `agenda`
--

DROP TABLE IF EXISTS `agenda`;
/*!40101 SET @saved_cs_client     = @@character_set_client */;
/*!40101 SET character_set_client = utf8 */;
CREATE TABLE `agenda` (
  `idAgenda` int(11) NOT NULL AUTO_INCREMENT,
  `nomDia` enum('Lunes','Martes','Miercoles','Jueves','Viernes') NOT NULL,
  `horaInicio` time NOT NULL,
  `horaFin` time NOT NULL,
  `ci` char(8) NOT NULL,
  PRIMARY KEY (`idAgenda`),
  KEY `ci` (`ci`),
  CONSTRAINT `agenda_ibfk_1` FOREIGN KEY (`ci`) REFERENCES `docente` (`ci`)
) ENGINE=InnoDB AUTO_INCREMENT=187 DEFAULT CHARSET=latin1;
/*!40101 SET character_set_client = @saved_cs_client */;

--
-- Dumping data for table `agenda`
--

LOCK TABLES `agenda` WRITE;
/*!40000 ALTER TABLE `agenda` DISABLE KEYS */;
INSERT INTO `agenda` VALUES (1,'Lunes','07:00:00','08:30:00','30001008'),(2,'Martes','07:00:00','07:45:00','30001008'),(3,'Lunes','07:00:00','08:30:00','30002002'),(4,'Martes','07:00:00','07:45:00','30002002'),(5,'Lunes','07:00:00','08:30:00','30039009'),(6,'Martes','07:00:00','07:45:00','30039009'),(7,'Lunes','00:00:00','23:59:00','30004000'),(8,'Martes','00:00:00','23:59:00','30004000'),(9,'Miercoles','00:00:00','23:59:00','30004000'),(10,'Jueves','00:00:00','23:59:00','30004000'),(11,'Viernes','00:00:00','23:59:00','30004000'),(12,'Lunes','00:00:00','23:59:00','30005004'),(13,'Martes','00:00:00','23:59:00','30005004'),(14,'Miercoles','00:00:00','23:59:00','30005004'),(15,'Jueves','00:00:00','23:59:00','30005004'),(16,'Viernes','00:00:00','23:59:00','30005004'),(17,'Lunes','00:00:00','23:59:00','30006008'),(18,'Martes','00:00:00','23:59:00','30006008'),(19,'Miercoles','00:00:00','23:59:00','30006008'),(20,'Jueves','00:00:00','23:59:00','30006008'),(21,'Viernes','00:00:00','23:59:00','30006008'),(22,'Lunes','00:00:00','23:59:00','30007002'),(23,'Martes','00:00:00','23:59:00','30007002'),(24,'Miercoles','00:00:00','23:59:00','30007002'),(25,'Jueves','00:00:00','23:59:00','30007002'),(26,'Viernes','00:00:00','23:59:00','30007002'),(27,'Lunes','00:00:00','23:59:00','30008006'),(28,'Martes','00:00:00','23:59:00','30008006'),(29,'Miercoles','00:00:00','23:59:00','30008006'),(30,'Jueves','00:00:00','23:59:00','30008006'),(31,'Viernes','00:00:00','23:59:00','30008006'),(32,'Lunes','00:00:00','23:59:00','30009000'),(33,'Martes','00:00:00','23:59:00','30009000'),(34,'Miercoles','00:00:00','23:59:00','30009000'),(35,'Jueves','00:00:00','23:59:00','30009000'),(36,'Viernes','00:00:00','23:59:00','30009000'),(37,'Lunes','00:00:00','23:59:00','30010007'),(38,'Martes','00:00:00','23:59:00','30010007'),(39,'Miercoles','00:00:00','23:59:00','30010007'),(40,'Jueves','00:00:00','23:59:00','30010007'),(41,'Viernes','00:00:00','23:59:00','30010007'),(42,'Lunes','00:00:00','23:59:00','30011001'),(43,'Martes','00:00:00','23:59:00','30011001'),(44,'Miercoles','00:00:00','23:59:00','30011001'),(45,'Jueves','00:00:00','23:59:00','30011001'),(46,'Viernes','00:00:00','23:59:00','30011001'),(47,'Lunes','00:00:00','23:59:00','30012005'),(48,'Martes','00:00:00','23:59:00','30012005'),(49,'Miercoles','00:00:00','23:59:00','30012005'),(50,'Jueves','00:00:00','23:59:00','30012005'),(51,'Viernes','00:00:00','23:59:00','30012005'),(52,'Lunes','00:00:00','23:59:00','30013009'),(53,'Martes','00:00:00','23:59:00','30013009'),(54,'Miercoles','00:00:00','23:59:00','30013009'),(55,'Jueves','00:00:00','23:59:00','30013009'),(56,'Viernes','00:00:00','23:59:00','30013009'),(57,'Lunes','00:00:00','23:59:00','30014003'),(58,'Martes','00:00:00','23:59:00','30014003'),(59,'Miercoles','00:00:00','23:59:00','30014003'),(60,'Jueves','00:00:00','23:59:00','30014003'),(61,'Viernes','00:00:00','23:59:00','30014003'),(62,'Lunes','00:00:00','23:59:00','30015007'),(63,'Martes','00:00:00','23:59:00','30015007'),(64,'Miercoles','00:00:00','23:59:00','30015007'),(65,'Jueves','00:00:00','23:59:00','30015007'),(66,'Viernes','00:00:00','23:59:00','30015007'),(67,'Lunes','00:00:00','23:59:00','30016001'),(68,'Martes','00:00:00','23:59:00','30016001'),(69,'Miercoles','00:00:00','23:59:00','30016001'),(70,'Jueves','00:00:00','23:59:00','30016001'),(71,'Viernes','00:00:00','23:59:00','30016001'),(72,'Lunes','00:00:00','23:59:00','30017005'),(73,'Martes','00:00:00','23:59:00','30017005'),(74,'Miercoles','00:00:00','23:59:00','30017005'),(75,'Jueves','00:00:00','23:59:00','30017005'),(76,'Viernes','00:00:00','23:59:00','30017005'),(77,'Lunes','00:00:00','23:59:00','30018009'),(78,'Martes','00:00:00','23:59:00','30018009'),(79,'Miercoles','00:00:00','23:59:00','30018009'),(80,'Jueves','00:00:00','23:59:00','30018009'),(81,'Viernes','00:00:00','23:59:00','30018009'),(82,'Lunes','00:00:00','23:59:00','30019003'),(83,'Martes','00:00:00','23:59:00','30019003'),(84,'Miercoles','00:00:00','23:59:00','30019003'),(85,'Jueves','00:00:00','23:59:00','30019003'),(86,'Viernes','00:00:00','23:59:00','30019003'),(87,'Lunes','00:00:00','23:59:00','30020000'),(88,'Martes','00:00:00','23:59:00','30020000'),(89,'Miercoles','00:00:00','23:59:00','30020000'),(90,'Jueves','00:00:00','23:59:00','30020000'),(91,'Viernes','00:00:00','23:59:00','30020000'),(92,'Lunes','00:00:00','23:59:00','30021004'),(93,'Martes','00:00:00','23:59:00','30021004'),(94,'Miercoles','00:00:00','23:59:00','30021004'),(95,'Jueves','00:00:00','23:59:00','30021004'),(96,'Viernes','00:00:00','23:59:00','30021004'),(97,'Lunes','00:00:00','23:59:00','30022008'),(98,'Martes','00:00:00','23:59:00','30022008'),(99,'Miercoles','00:00:00','23:59:00','30022008'),(100,'Jueves','00:00:00','23:59:00','30022008'),(101,'Viernes','00:00:00','23:59:00','30022008'),(102,'Lunes','00:00:00','23:59:00','30023002'),(103,'Martes','00:00:00','23:59:00','30023002'),(104,'Miercoles','00:00:00','23:59:00','30023002'),(105,'Jueves','00:00:00','23:59:00','30023002'),(106,'Viernes','00:00:00','23:59:00','30023002'),(107,'Lunes','00:00:00','23:59:00','30024006'),(108,'Martes','00:00:00','23:59:00','30024006'),(109,'Miercoles','00:00:00','23:59:00','30024006'),(110,'Jueves','00:00:00','23:59:00','30024006'),(111,'Viernes','00:00:00','23:59:00','30024006'),(112,'Lunes','00:00:00','23:59:00','30025000'),(113,'Martes','00:00:00','23:59:00','30025000'),(114,'Miercoles','00:00:00','23:59:00','30025000'),(115,'Jueves','00:00:00','23:59:00','30025000'),(116,'Viernes','00:00:00','23:59:00','30025000'),(117,'Lunes','00:00:00','23:59:00','30026004'),(118,'Martes','00:00:00','23:59:00','30026004'),(119,'Miercoles','00:00:00','23:59:00','30026004'),(120,'Jueves','00:00:00','23:59:00','30026004'),(121,'Viernes','00:00:00','23:59:00','30026004'),(122,'Lunes','00:00:00','23:59:00','30027008'),(123,'Martes','00:00:00','23:59:00','30027008'),(124,'Miercoles','00:00:00','23:59:00','30027008'),(125,'Jueves','00:00:00','23:59:00','30027008'),(126,'Viernes','00:00:00','23:59:00','30027008'),(127,'Lunes','00:00:00','23:59:00','30028002'),(128,'Martes','00:00:00','23:59:00','30028002'),(129,'Miercoles','00:00:00','23:59:00','30028002'),(130,'Jueves','00:00:00','23:59:00','30028002'),(131,'Viernes','00:00:00','23:59:00','30028002'),(132,'Lunes','00:00:00','23:59:00','30029006'),(133,'Martes','00:00:00','23:59:00','30029006'),(134,'Miercoles','00:00:00','23:59:00','30029006'),(135,'Jueves','00:00:00','23:59:00','30029006'),(136,'Viernes','00:00:00','23:59:00','30029006'),(137,'Lunes','00:00:00','23:59:00','30030003'),(138,'Martes','00:00:00','23:59:00','30030003'),(139,'Miercoles','00:00:00','23:59:00','30030003'),(140,'Jueves','00:00:00','23:59:00','30030003'),(141,'Viernes','00:00:00','23:59:00','30030003'),(142,'Lunes','00:00:00','23:59:00','30031007'),(143,'Martes','00:00:00','23:59:00','30031007'),(144,'Miercoles','00:00:00','23:59:00','30031007'),(145,'Jueves','00:00:00','23:59:00','30031007'),(146,'Viernes','00:00:00','23:59:00','30031007'),(147,'Lunes','00:00:00','23:59:00','30032001'),(148,'Martes','00:00:00','23:59:00','30032001'),(149,'Miercoles','00:00:00','23:59:00','30032001'),(150,'Jueves','00:00:00','23:59:00','30032001'),(151,'Viernes','00:00:00','23:59:00','30032001'),(152,'Lunes','00:00:00','23:59:00','30033005'),(153,'Martes','00:00:00','23:59:00','30033005'),(154,'Miercoles','00:00:00','23:59:00','30033005'),(155,'Jueves','00:00:00','23:59:00','30033005'),(156,'Viernes','00:00:00','23:59:00','30033005'),(157,'Lunes','00:00:00','23:59:00','30034009'),(158,'Martes','00:00:00','23:59:00','30034009'),(159,'Miercoles','00:00:00','23:59:00','30034009'),(160,'Jueves','00:00:00','23:59:00','30034009'),(161,'Viernes','00:00:00','23:59:00','30034009'),(162,'Lunes','00:00:00','23:59:00','30035003'),(163,'Martes','00:00:00','23:59:00','30035003'),(164,'Miercoles','00:00:00','23:59:00','30035003'),(165,'Jueves','00:00:00','23:59:00','30035003'),(166,'Viernes','00:00:00','23:59:00','30035003'),(167,'Lunes','00:00:00','23:59:00','30036007'),(168,'Martes','00:00:00','23:59:00','30036007'),(169,'Miercoles','00:00:00','23:59:00','30036007'),(170,'Jueves','00:00:00','23:59:00','30036007'),(171,'Viernes','00:00:00','23:59:00','30036007'),(172,'Lunes','00:00:00','23:59:00','30037001'),(173,'Martes','00:00:00','23:59:00','30037001'),(174,'Miercoles','00:00:00','23:59:00','30037001'),(175,'Jueves','00:00:00','23:59:00','30037001'),(176,'Viernes','00:00:00','23:59:00','30037001'),(177,'Lunes','00:00:00','23:59:00','30038005'),(178,'Martes','00:00:00','23:59:00','30038005'),(179,'Miercoles','00:00:00','23:59:00','30038005'),(180,'Jueves','00:00:00','23:59:00','30038005'),(181,'Viernes','00:00:00','23:59:00','30038005'),(182,'Lunes','00:00:00','23:59:00','30039009'),(183,'Martes','00:00:00','23:59:00','30039009'),(184,'Miercoles','00:00:00','23:59:00','30039009'),(185,'Jueves','00:00:00','23:59:00','30039009'),(186,'Viernes','00:00:00','23:59:00','30039009');
/*!40000 ALTER TABLE `agenda` ENABLE KEYS */;
UNLOCK TABLES;

--
-- Table structure for table `alumno`
--

DROP TABLE IF EXISTS `alumno`;
/*!40101 SET @saved_cs_client     = @@character_set_client */;
/*!40101 SET character_set_client = utf8 */;
CREATE TABLE `alumno` (
  `ci` char(8) NOT NULL,
  PRIMARY KEY (`ci`),
  CONSTRAINT `alumno_ibfk_1` FOREIGN KEY (`ci`) REFERENCES `usuario` (`ci`)
) ENGINE=InnoDB DEFAULT CHARSET=latin1;
/*!40101 SET character_set_client = @saved_cs_client */;

--
-- Dumping data for table `alumno`
--

LOCK TABLES `alumno` WRITE;
/*!40000 ALTER TABLE `alumno` DISABLE KEYS */;
INSERT INTO `alumno` VALUES ('50003002'),('50004006'),('50005000'),('50006004'),('50007008'),('50008002'),('50009006'),('50010003'),('50011007'),('50012001'),('50013005'),('50014009'),('50015003'),('50016007'),('50017001'),('50018005'),('50019009'),('50020006'),('50021000'),('50022004'),('50023008'),('50024002'),('50025006'),('50026000'),('50027004'),('50028008'),('50029002'),('50030009'),('50031003'),('50032007'),('50033001'),('50034005'),('50034009'),('50036003'),('50037007'),('50038001'),('50039005'),('50040002'),('50041006'),('50042000'),('50043004'),('50044008'),('50045002'),('50046006'),('50047000'),('50048004'),('50049008'),('50050005'),('50051009'),('50052003'),('50053007'),('50054001'),('50055005'),('50056009'),('50057003'),('50058007'),('50059001'),('50060008'),('50061002'),('50062006'),('50063000'),('50064004'),('50065008'),('50066002'),('50067006'),('50068000'),('50069004'),('50070001'),('50071005'),('50072009'),('50073003'),('50074007'),('50075001'),('50076005'),('51972127'),('52124670'),('52848682');
/*!40000 ALTER TABLE `alumno` ENABLE KEYS */;
UNLOCK TABLES;

--
-- Table structure for table `asignatura`
--

DROP TABLE IF EXISTS `asignatura`;
/*!40101 SET @saved_cs_client     = @@character_set_client */;
/*!40101 SET character_set_client = utf8 */;
CREATE TABLE `asignatura` (
  `id` varchar(10) NOT NULL,
  `nombre` varchar(30) NOT NULL,
  `anio` int(11) NOT NULL,
  `activo` tinyint(1) NOT NULL,
  PRIMARY KEY (`id`)
) ENGINE=InnoDB DEFAULT CHARSET=latin1;
/*!40101 SET character_set_client = @saved_cs_client */;

--
-- Dumping data for table `asignatura`
--

LOCK TABLES `asignatura` WRITE;
/*!40000 ALTER TABLE `asignatura` DISABLE KEYS */;
INSERT INTO `asignatura` VALUES ('ada','Analisis y diseño',3,1),('apt1','APT I',1,1),('apt2','APT II',2,1),('bdd1','Base de datos I',2,1),('bdd2','Base de datos II',3,1),('bio','Biologia',1,1),('dsweb1','Diseño Web I',2,1),('dsweb2','Diseño Web II',3,1),('eco','Economia',2,1),('elec','Electronica aplicada',2,1),('filo','Filosofia',3,1),('fis','Fisica',2,1),('forme','Formacion Empresarial',3,1),('geo1','Geometria I',1,1),('geo2','Geometria II',2,1),('hist','Historia',1,1),('ing1','Ingles I',1,1),('ing2','Ingles II',2,1),('ing3','Ingles III',3,1),('labsop','Laboratorio de Soporte',1,1),('log','Logica',1,1),('mate1','Matematica I',1,1),('mate2','Matematica II',2,1),('mate3','Matematica',3,1),('metdis','Metodos discretos',1,1),('progds3','Programacion III',3,1),('progdw3','Programacion web',3,1),('progi1','Programacion I',1,1),('progi2','Programacion II',2,1),('proyds','Gestion de Proyecto',3,1),('proydw','Gestion de Proyectos Web',3,1),('quim','Quimica',1,1),('rds1','Lab de Redes de Area Local I',2,1),('rds2','Lab de Redes de Area Local II',3,1),('so1','Sistemas Operativos I',1,1),('so2','Sistemas Operativos II',2,1),('so3','Sistemas Operativos III',3,1),('soci','Sociologia',3,1),('tecelec','Lab. de Tecnologias Electricas',1,1);
/*!40000 ALTER TABLE `asignatura` ENABLE KEYS */;
UNLOCK TABLES;

--
-- Table structure for table `asignaturacursa`
--

DROP TABLE IF EXISTS `asignaturacursa`;
/*!40101 SET @saved_cs_client     = @@character_set_client */;
/*!40101 SET character_set_client = utf8 */;
CREATE TABLE `asignaturacursa` (
  `ci` char(8) NOT NULL,
  `idClase` int(11) NOT NULL,
  `orientacion` int(11) NOT NULL,
  `anio` year(4) NOT NULL,
  `asignaturaCursada` varchar(10) NOT NULL,
  `cursando` tinyint(1) NOT NULL,
  PRIMARY KEY (`ci`,`idClase`,`orientacion`,`anio`,`asignaturaCursada`),
  KEY `asignaturaCursada` (`asignaturaCursada`),
  CONSTRAINT `asignaturacursa_ibfk_1` FOREIGN KEY (`ci`, `idClase`, `orientacion`, `anio`) REFERENCES `cursa` (`ci`, `idClase`, `orientacion`, `anio`),
  CONSTRAINT `asignaturacursa_ibfk_2` FOREIGN KEY (`asignaturaCursada`) REFERENCES `contiene` (`idAsig`)
) ENGINE=InnoDB DEFAULT CHARSET=latin1;
/*!40101 SET character_set_client = @saved_cs_client */;

--
-- Dumping data for table `asignaturacursa`
--

LOCK TABLES `asignaturacursa` WRITE;
/*!40000 ALTER TABLE `asignaturacursa` DISABLE KEYS */;
INSERT INTO `asignaturacursa` VALUES ('50003002',11,2,2021,'ada',1),('50003002',11,2,2021,'bdd2',1),('50003002',11,2,2021,'filo',1),('50003002',11,2,2021,'forme',1),('50003002',11,2,2021,'ing3',1),('50003002',11,2,2021,'mate3',1),('50003002',11,2,2021,'progds3',1),('50003002',11,2,2021,'proyds',1),('50003002',11,2,2021,'rds2',1),('50003002',11,2,2021,'so3',1),('50003002',11,2,2021,'soci',1),('50004006',11,2,2021,'ada',1),('50004006',11,2,2021,'bdd2',1),('50004006',11,2,2021,'filo',1),('50004006',11,2,2021,'forme',1),('50004006',11,2,2021,'ing3',1),('50004006',11,2,2021,'mate3',1),('50004006',11,2,2021,'progds3',1),('50004006',11,2,2021,'proyds',1),('50004006',11,2,2021,'rds2',1),('50004006',11,2,2021,'so3',1),('50004006',11,2,2021,'soci',1),('50005000',11,2,2021,'ada',1),('50005000',11,2,2021,'bdd2',1),('50005000',11,2,2021,'filo',1),('50005000',11,2,2021,'forme',1),('50005000',11,2,2021,'ing3',1),('50005000',11,2,2021,'mate3',1),('50005000',11,2,2021,'progds3',1),('50005000',11,2,2021,'proyds',1),('50005000',11,2,2021,'rds2',1),('50005000',11,2,2021,'so3',1),('50005000',11,2,2021,'soci',1),('50006004',11,2,2021,'ada',1),('50006004',11,2,2021,'bdd2',1),('50006004',11,2,2021,'filo',1),('50006004',11,2,2021,'forme',1),('50006004',11,2,2021,'ing3',1),('50006004',11,2,2021,'mate3',1),('50006004',11,2,2021,'progds3',1),('50006004',11,2,2021,'proyds',1),('50006004',11,2,2021,'rds2',1),('50006004',11,2,2021,'so3',1),('50006004',11,2,2021,'soci',1),('50007008',11,2,2021,'ada',1),('50007008',11,2,2021,'bdd2',1),('50007008',11,2,2021,'filo',1),('50007008',11,2,2021,'forme',1),('50007008',11,2,2021,'ing3',1),('50007008',11,2,2021,'mate3',1),('50007008',11,2,2021,'progds3',1),('50007008',11,2,2021,'proyds',1),('50007008',11,2,2021,'rds2',1),('50007008',11,2,2021,'so3',1),('50007008',11,2,2021,'soci',1),('50008002',11,2,2021,'ada',1),('50008002',11,2,2021,'bdd2',1),('50008002',11,2,2021,'filo',1),('50008002',11,2,2021,'forme',1),('50008002',11,2,2021,'ing3',1),('50008002',11,2,2021,'mate3',1),('50008002',11,2,2021,'progds3',1),('50008002',11,2,2021,'proyds',1),('50008002',11,2,2021,'rds2',1),('50008002',11,2,2021,'so3',1),('50008002',11,2,2021,'soci',1),('50009006',12,2,2021,'ada',1),('50009006',12,2,2021,'bdd2',1),('50009006',12,2,2021,'filo',1),('50009006',12,2,2021,'forme',1),('50009006',12,2,2021,'ing3',1),('50009006',12,2,2021,'mate3',1),('50009006',12,2,2021,'progds3',1),('50009006',12,2,2021,'proyds',1),('50009006',12,2,2021,'rds2',1),('50009006',12,2,2021,'so3',1),('50009006',12,2,2021,'soci',1),('50010003',12,2,2021,'ada',1),('50010003',12,2,2021,'bdd2',1),('50010003',12,2,2021,'filo',1),('50010003',12,2,2021,'forme',1),('50010003',12,2,2021,'ing3',1),('50010003',12,2,2021,'mate3',1),('50010003',12,2,2021,'progds3',1),('50010003',12,2,2021,'proyds',1),('50010003',12,2,2021,'rds2',1),('50010003',12,2,2021,'so3',1),('50010003',12,2,2021,'soci',1),('50011007',12,2,2021,'ada',1),('50011007',12,2,2021,'bdd2',1),('50011007',12,2,2021,'filo',1),('50011007',12,2,2021,'forme',1),('50011007',12,2,2021,'ing3',1),('50011007',12,2,2021,'mate3',1),('50011007',12,2,2021,'progds3',1),('50011007',12,2,2021,'proyds',1),('50011007',12,2,2021,'rds2',1),('50011007',12,2,2021,'so3',1),('50011007',12,2,2021,'soci',1),('50012001',12,2,2021,'ada',1),('50012001',12,2,2021,'bdd2',1),('50012001',12,2,2021,'filo',1),('50012001',12,2,2021,'forme',1),('50012001',12,2,2021,'ing3',1),('50012001',12,2,2021,'mate3',1),('50012001',12,2,2021,'progds3',1),('50012001',12,2,2021,'proyds',1),('50012001',12,2,2021,'rds2',1),('50012001',12,2,2021,'so3',1),('50012001',12,2,2021,'soci',1),('50013005',13,2,2021,'ada',1),('50013005',13,2,2021,'bdd2',1),('50013005',13,2,2021,'filo',1),('50013005',13,2,2021,'forme',1),('50013005',13,2,2021,'ing3',1),('50013005',13,2,2021,'mate3',1),('50013005',13,2,2021,'progds3',1),('50013005',13,2,2021,'proyds',1),('50013005',13,2,2021,'rds2',1),('50013005',13,2,2021,'so3',1),('50013005',13,2,2021,'soci',1),('50014009',13,2,2021,'ada',1),('50014009',13,2,2021,'bdd2',1),('50014009',13,2,2021,'filo',1),('50014009',13,2,2021,'forme',1),('50014009',13,2,2021,'ing3',1),('50014009',13,2,2021,'mate3',1),('50014009',13,2,2021,'progds3',1),('50014009',13,2,2021,'proyds',1),('50014009',13,2,2021,'rds2',1),('50014009',13,2,2021,'so3',1),('50014009',13,2,2021,'soci',1),('50015003',13,2,2021,'ada',1),('50015003',13,2,2021,'bdd2',1),('50015003',13,2,2021,'filo',1),('50015003',13,2,2021,'forme',1),('50015003',13,2,2021,'ing3',1),('50015003',13,2,2021,'mate3',1),('50015003',13,2,2021,'progds3',1),('50015003',13,2,2021,'proyds',1),('50015003',13,2,2021,'rds2',1),('50015003',13,2,2021,'so3',1),('50015003',13,2,2021,'soci',1),('50016007',13,2,2021,'ada',1),('50016007',13,2,2021,'bdd2',1),('50016007',13,2,2021,'filo',1),('50016007',13,2,2021,'forme',1),('50016007',13,2,2021,'ing3',1),('50016007',13,2,2021,'mate3',1),('50016007',13,2,2021,'progds3',1),('50016007',13,2,2021,'proyds',1),('50016007',13,2,2021,'rds2',1),('50016007',13,2,2021,'so3',1),('50016007',13,2,2021,'soci',1),('50017001',14,2,2021,'ada',1),('50017001',14,2,2021,'bdd2',1),('50017001',14,2,2021,'filo',1),('50017001',14,2,2021,'forme',1),('50017001',14,2,2021,'ing3',1),('50017001',14,2,2021,'mate3',1),('50017001',14,2,2021,'progds3',1),('50017001',14,2,2021,'proyds',1),('50017001',14,2,2021,'rds2',1),('50017001',14,2,2021,'so3',1),('50017001',14,2,2021,'soci',1),('50018005',14,2,2021,'ada',1),('50018005',14,2,2021,'bdd2',1),('50018005',14,2,2021,'filo',1),('50018005',14,2,2021,'forme',1),('50018005',14,2,2021,'ing3',1),('50018005',14,2,2021,'mate3',1),('50018005',14,2,2021,'progds3',1),('50018005',14,2,2021,'proyds',1),('50018005',14,2,2021,'rds2',1),('50018005',14,2,2021,'so3',1),('50018005',14,2,2021,'soci',1),('50019009',14,2,2021,'ada',1),('50019009',14,2,2021,'bdd2',1),('50019009',14,2,2021,'filo',1),('50019009',14,2,2021,'forme',1),('50019009',14,2,2021,'ing3',1),('50019009',14,2,2021,'mate3',1),('50019009',14,2,2021,'progds3',1),('50019009',14,2,2021,'proyds',1),('50019009',14,2,2021,'rds2',1),('50019009',14,2,2021,'so3',1),('50019009',14,2,2021,'soci',1),('50020006',14,2,2021,'ada',1),('50020006',14,2,2021,'bdd2',1),('50020006',14,2,2021,'filo',1),('50020006',14,2,2021,'forme',1),('50020006',14,2,2021,'ing3',1),('50020006',14,2,2021,'mate3',1),('50020006',14,2,2021,'progds3',1),('50020006',14,2,2021,'proyds',1),('50020006',14,2,2021,'rds2',1),('50020006',14,2,2021,'so3',1),('50020006',14,2,2021,'soci',1),('50021000',15,3,2021,'ada',1),('50021000',15,3,2021,'bdd2',1),('50021000',15,3,2021,'dsweb2',1),('50021000',15,3,2021,'filo',1),('50021000',15,3,2021,'forme',1),('50021000',15,3,2021,'ing3',1),('50021000',15,3,2021,'mate3',1),('50021000',15,3,2021,'progdw3',1),('50021000',15,3,2021,'proydw',1),('50021000',15,3,2021,'so3',1),('50021000',15,3,2021,'soci',1),('50022004',15,3,2021,'ada',1),('50022004',15,3,2021,'bdd2',1),('50022004',15,3,2021,'dsweb2',1),('50022004',15,3,2021,'filo',1),('50022004',15,3,2021,'forme',1),('50022004',15,3,2021,'ing3',1),('50022004',15,3,2021,'mate3',1),('50022004',15,3,2021,'progdw3',1),('50022004',15,3,2021,'proydw',1),('50022004',15,3,2021,'so3',1),('50022004',15,3,2021,'soci',1),('50023008',15,3,2021,'ada',1),('50023008',15,3,2021,'bdd2',1),('50023008',15,3,2021,'dsweb2',1),('50023008',15,3,2021,'filo',1),('50023008',15,3,2021,'forme',1),('50023008',15,3,2021,'ing3',1),('50023008',15,3,2021,'mate3',1),('50023008',15,3,2021,'progdw3',1),('50023008',15,3,2021,'proydw',1),('50023008',15,3,2021,'so3',1),('50023008',15,3,2021,'soci',1),('50024002',15,3,2021,'ada',1),('50024002',15,3,2021,'bdd2',1),('50024002',15,3,2021,'dsweb2',1),('50024002',15,3,2021,'filo',1),('50024002',15,3,2021,'forme',1),('50024002',15,3,2021,'ing3',1),('50024002',15,3,2021,'mate3',1),('50024002',15,3,2021,'progdw3',1),('50024002',15,3,2021,'proydw',1),('50024002',15,3,2021,'so3',1),('50024002',15,3,2021,'soci',1),('50025006',16,3,2021,'ada',1),('50025006',16,3,2021,'bdd2',1),('50025006',16,3,2021,'dsweb2',1),('50025006',16,3,2021,'filo',1),('50025006',16,3,2021,'forme',1),('50025006',16,3,2021,'ing3',1),('50025006',16,3,2021,'mate3',1),('50025006',16,3,2021,'progdw3',1),('50025006',16,3,2021,'proydw',1),('50025006',16,3,2021,'so3',1),('50025006',16,3,2021,'soci',1),('50026000',16,3,2021,'ada',1),('50026000',16,3,2021,'bdd2',1),('50026000',16,3,2021,'dsweb2',1),('50026000',16,3,2021,'filo',1),('50026000',16,3,2021,'forme',1),('50026000',16,3,2021,'ing3',1),('50026000',16,3,2021,'mate3',1),('50026000',16,3,2021,'progdw3',1),('50026000',16,3,2021,'proydw',1),('50026000',16,3,2021,'so3',1),('50026000',16,3,2021,'soci',1),('50027004',16,3,2021,'ada',1),('50027004',16,3,2021,'bdd2',1),('50027004',16,3,2021,'dsweb2',1),('50027004',16,3,2021,'filo',1),('50027004',16,3,2021,'forme',1),('50027004',16,3,2021,'ing3',1),('50027004',16,3,2021,'mate3',1),('50027004',16,3,2021,'progdw3',1),('50027004',16,3,2021,'proydw',1),('50027004',16,3,2021,'so3',1),('50027004',16,3,2021,'soci',1),('50028008',16,3,2021,'ada',1),('50028008',16,3,2021,'bdd2',1),('50028008',16,3,2021,'dsweb2',1),('50028008',16,3,2021,'filo',1),('50028008',16,3,2021,'forme',1),('50028008',16,3,2021,'ing3',1),('50028008',16,3,2021,'mate3',1),('50028008',16,3,2021,'progdw3',1),('50028008',16,3,2021,'proydw',1),('50028008',16,3,2021,'so3',1),('50028008',16,3,2021,'soci',1),('50029002',17,3,2021,'ada',1),('50029002',17,3,2021,'bdd2',1),('50029002',17,3,2021,'dsweb2',1),('50029002',17,3,2021,'filo',1),('50029002',17,3,2021,'forme',1),('50029002',17,3,2021,'ing3',1),('50029002',17,3,2021,'mate3',1),('50029002',17,3,2021,'progdw3',1),('50029002',17,3,2021,'proydw',1),('50029002',17,3,2021,'so3',1),('50029002',17,3,2021,'soci',1),('50030009',17,3,2021,'ada',1),('50030009',17,3,2021,'bdd2',1),('50030009',17,3,2021,'dsweb2',1),('50030009',17,3,2021,'filo',1),('50030009',17,3,2021,'forme',1),('50030009',17,3,2021,'ing3',1),('50030009',17,3,2021,'mate3',1),('50030009',17,3,2021,'progdw3',1),('50030009',17,3,2021,'proydw',1),('50030009',17,3,2021,'so3',1),('50030009',17,3,2021,'soci',1),('50031003',17,3,2021,'ada',1),('50031003',17,3,2021,'bdd2',1),('50031003',17,3,2021,'dsweb2',1),('50031003',17,3,2021,'filo',1),('50031003',17,3,2021,'forme',1),('50031003',17,3,2021,'ing3',1),('50031003',17,3,2021,'mate3',1),('50031003',17,3,2021,'progdw3',1),('50031003',17,3,2021,'proydw',1),('50031003',17,3,2021,'so3',1),('50031003',17,3,2021,'soci',1),('50032007',17,3,2021,'ada',1),('50032007',17,3,2021,'bdd2',1),('50032007',17,3,2021,'dsweb2',1),('50032007',17,3,2021,'filo',1),('50032007',17,3,2021,'forme',1),('50032007',17,3,2021,'ing3',1),('50032007',17,3,2021,'mate3',1),('50032007',17,3,2021,'progdw3',1),('50032007',17,3,2021,'proydw',1),('50032007',17,3,2021,'so3',1),('50032007',17,3,2021,'soci',1),('50033001',18,3,2021,'ada',1),('50033001',18,3,2021,'bdd2',1),('50033001',18,3,2021,'dsweb2',1),('50033001',18,3,2021,'filo',1),('50033001',18,3,2021,'forme',1),('50033001',18,3,2021,'ing3',1),('50033001',18,3,2021,'mate3',1),('50033001',18,3,2021,'progdw3',1),('50033001',18,3,2021,'proydw',1),('50033001',18,3,2021,'so3',1),('50033001',18,3,2021,'soci',1),('50034005',18,3,2021,'ada',1),('50034005',18,3,2021,'bdd2',1),('50034005',18,3,2021,'dsweb2',1),('50034005',18,3,2021,'filo',1),('50034005',18,3,2021,'forme',1),('50034005',18,3,2021,'ing3',1),('50034005',18,3,2021,'mate3',1),('50034005',18,3,2021,'progdw3',1),('50034005',18,3,2021,'proydw',1),('50034005',18,3,2021,'so3',1),('50034005',18,3,2021,'soci',1),('50034009',18,3,2021,'ada',1),('50034009',18,3,2021,'bdd2',1),('50034009',18,3,2021,'dsweb2',1),('50034009',18,3,2021,'filo',1),('50034009',18,3,2021,'forme',1),('50034009',18,3,2021,'ing3',1),('50034009',18,3,2021,'mate3',1),('50034009',18,3,2021,'progdw3',1),('50034009',18,3,2021,'proydw',1),('50034009',18,3,2021,'so3',1),('50034009',18,3,2021,'soci',1),('50036003',18,3,2021,'ada',1),('50036003',18,3,2021,'bdd2',1),('50036003',18,3,2021,'dsweb2',1),('50036003',18,3,2021,'filo',1),('50036003',18,3,2021,'forme',1),('50036003',18,3,2021,'ing3',1),('50036003',18,3,2021,'mate3',1),('50036003',18,3,2021,'progdw3',1),('50036003',18,3,2021,'proydw',1),('50036003',18,3,2021,'so3',1),('50036003',18,3,2021,'soci',1),('50037007',1,1,2021,'apt1',1),('50037007',1,1,2021,'bio',1),('50037007',1,1,2021,'geo1',1),('50037007',1,1,2021,'hist',1),('50037007',1,1,2021,'ing1',1),('50037007',1,1,2021,'labsop',1),('50037007',1,1,2021,'log',1),('50037007',1,1,2021,'mate1',1),('50037007',1,1,2021,'metdis',1),('50037007',1,1,2021,'progi1',1),('50037007',1,1,2021,'quim',1),('50037007',1,1,2021,'so1',1),('50037007',1,1,2021,'tecelec',1),('50038001',1,1,2021,'apt1',1),('50038001',1,1,2021,'bio',1),('50038001',1,1,2021,'geo1',1),('50038001',1,1,2021,'hist',1),('50038001',1,1,2021,'ing1',1),('50038001',1,1,2021,'labsop',1),('50038001',1,1,2021,'log',1),('50038001',1,1,2021,'mate1',1),('50038001',1,1,2021,'metdis',1),('50038001',1,1,2021,'progi1',1),('50038001',1,1,2021,'quim',1),('50038001',1,1,2021,'so1',1),('50038001',1,1,2021,'tecelec',1),('50039005',1,1,2021,'apt1',1),('50039005',1,1,2021,'bio',1),('50039005',1,1,2021,'geo1',1),('50039005',1,1,2021,'hist',1),('50039005',1,1,2021,'ing1',1),('50039005',1,1,2021,'labsop',1),('50039005',1,1,2021,'log',1),('50039005',1,1,2021,'mate1',1),('50039005',1,1,2021,'metdis',1),('50039005',1,1,2021,'progi1',1),('50039005',1,1,2021,'quim',1),('50039005',1,1,2021,'so1',1),('50039005',1,1,2021,'tecelec',1),('50040002',1,1,2021,'apt1',1),('50040002',1,1,2021,'bio',1),('50040002',1,1,2021,'geo1',1),('50040002',1,1,2021,'hist',1),('50040002',1,1,2021,'ing1',1),('50040002',1,1,2021,'labsop',1),('50040002',1,1,2021,'log',1),('50040002',1,1,2021,'mate1',1),('50040002',1,1,2021,'metdis',1),('50040002',1,1,2021,'progi1',1),('50040002',1,1,2021,'quim',1),('50040002',1,1,2021,'so1',1),('50040002',1,1,2021,'tecelec',1),('50041006',2,1,2021,'apt1',1),('50041006',2,1,2021,'bio',1),('50041006',2,1,2021,'geo1',1),('50041006',2,1,2021,'hist',1),('50041006',2,1,2021,'ing1',1),('50041006',2,1,2021,'labsop',1),('50041006',2,1,2021,'log',1),('50041006',2,1,2021,'mate1',1),('50041006',2,1,2021,'metdis',1),('50041006',2,1,2021,'progi1',1),('50041006',2,1,2021,'quim',1),('50041006',2,1,2021,'so1',1),('50041006',2,1,2021,'tecelec',1),('50042000',2,1,2021,'apt1',1),('50042000',2,1,2021,'bio',1),('50042000',2,1,2021,'geo1',1),('50042000',2,1,2021,'hist',1),('50042000',2,1,2021,'ing1',1),('50042000',2,1,2021,'labsop',1),('50042000',2,1,2021,'log',1),('50042000',2,1,2021,'mate1',1),('50042000',2,1,2021,'metdis',1),('50042000',2,1,2021,'progi1',1),('50042000',2,1,2021,'quim',1),('50042000',2,1,2021,'so1',1),('50042000',2,1,2021,'tecelec',1),('50043004',2,1,2021,'apt1',1),('50043004',2,1,2021,'bio',1),('50043004',2,1,2021,'geo1',1),('50043004',2,1,2021,'hist',1),('50043004',2,1,2021,'ing1',1),('50043004',2,1,2021,'labsop',1),('50043004',2,1,2021,'log',1),('50043004',2,1,2021,'mate1',1),('50043004',2,1,2021,'metdis',1),('50043004',2,1,2021,'progi1',1),('50043004',2,1,2021,'quim',1),('50043004',2,1,2021,'so1',1),('50043004',2,1,2021,'tecelec',1),('50044008',2,1,2021,'apt1',1),('50044008',2,1,2021,'bio',1),('50044008',2,1,2021,'geo1',1),('50044008',2,1,2021,'hist',1),('50044008',2,1,2021,'ing1',1),('50044008',2,1,2021,'labsop',1),('50044008',2,1,2021,'log',1),('50044008',2,1,2021,'mate1',1),('50044008',2,1,2021,'metdis',1),('50044008',2,1,2021,'progi1',1),('50044008',2,1,2021,'quim',1),('50044008',2,1,2021,'so1',1),('50044008',2,1,2021,'tecelec',1),('50045002',3,1,2021,'apt1',1),('50045002',3,1,2021,'bio',1),('50045002',3,1,2021,'geo1',1),('50045002',3,1,2021,'hist',1),('50045002',3,1,2021,'ing1',1),('50045002',3,1,2021,'labsop',1),('50045002',3,1,2021,'log',1),('50045002',3,1,2021,'mate1',1),('50045002',3,1,2021,'metdis',1),('50045002',3,1,2021,'progi1',1),('50045002',3,1,2021,'quim',1),('50045002',3,1,2021,'so1',1),('50045002',3,1,2021,'tecelec',1),('50046006',3,1,2021,'apt1',1),('50046006',3,1,2021,'bio',1),('50046006',3,1,2021,'geo1',1),('50046006',3,1,2021,'hist',1),('50046006',3,1,2021,'ing1',1),('50046006',3,1,2021,'labsop',1),('50046006',3,1,2021,'log',1),('50046006',3,1,2021,'mate1',1),('50046006',3,1,2021,'metdis',1),('50046006',3,1,2021,'progi1',1),('50046006',3,1,2021,'quim',1),('50046006',3,1,2021,'so1',1),('50046006',3,1,2021,'tecelec',1),('50047000',3,1,2021,'apt1',1),('50047000',3,1,2021,'bio',1),('50047000',3,1,2021,'geo1',1),('50047000',3,1,2021,'hist',1),('50047000',3,1,2021,'ing1',1),('50047000',3,1,2021,'labsop',1),('50047000',3,1,2021,'log',1),('50047000',3,1,2021,'mate1',1),('50047000',3,1,2021,'metdis',1),('50047000',3,1,2021,'progi1',1),('50047000',3,1,2021,'quim',1),('50047000',3,1,2021,'so1',1),('50047000',3,1,2021,'tecelec',1),('50048004',3,1,2021,'apt1',1),('50048004',3,1,2021,'bio',1),('50048004',3,1,2021,'geo1',1),('50048004',3,1,2021,'hist',1),('50048004',3,1,2021,'ing1',1),('50048004',3,1,2021,'labsop',1),('50048004',3,1,2021,'log',1),('50048004',3,1,2021,'mate1',1),('50048004',3,1,2021,'metdis',1),('50048004',3,1,2021,'progi1',1),('50048004',3,1,2021,'quim',1),('50048004',3,1,2021,'so1',1),('50048004',3,1,2021,'tecelec',1),('50049008',4,1,2021,'apt1',1),('50049008',4,1,2021,'bio',1),('50049008',4,1,2021,'geo1',1),('50049008',4,1,2021,'hist',1),('50049008',4,1,2021,'ing1',1),('50049008',4,1,2021,'labsop',1),('50049008',4,1,2021,'log',1),('50049008',4,1,2021,'mate1',1),('50049008',4,1,2021,'metdis',1),('50049008',4,1,2021,'progi1',1),('50049008',4,1,2021,'quim',1),('50049008',4,1,2021,'so1',1),('50049008',4,1,2021,'tecelec',1),('50050005',4,1,2021,'apt1',1),('50050005',4,1,2021,'bio',1),('50050005',4,1,2021,'geo1',1),('50050005',4,1,2021,'hist',1),('50050005',4,1,2021,'ing1',1),('50050005',4,1,2021,'labsop',1),('50050005',4,1,2021,'log',1),('50050005',4,1,2021,'mate1',1),('50050005',4,1,2021,'metdis',1),('50050005',4,1,2021,'progi1',1),('50050005',4,1,2021,'quim',1),('50050005',4,1,2021,'so1',1),('50050005',4,1,2021,'tecelec',1),('50051009',4,1,2021,'apt1',1),('50051009',4,1,2021,'bio',1),('50051009',4,1,2021,'geo1',1),('50051009',4,1,2021,'hist',1),('50051009',4,1,2021,'ing1',1),('50051009',4,1,2021,'labsop',1),('50051009',4,1,2021,'log',1),('50051009',4,1,2021,'mate1',1),('50051009',4,1,2021,'metdis',1),('50051009',4,1,2021,'progi1',1),('50051009',4,1,2021,'quim',1),('50051009',4,1,2021,'so1',1),('50051009',4,1,2021,'tecelec',1),('50052003',4,1,2021,'apt1',1),('50052003',4,1,2021,'bio',1),('50052003',4,1,2021,'geo1',1),('50052003',4,1,2021,'hist',1),('50052003',4,1,2021,'ing1',1),('50052003',4,1,2021,'labsop',1),('50052003',4,1,2021,'log',1),('50052003',4,1,2021,'mate1',1),('50052003',4,1,2021,'metdis',1),('50052003',4,1,2021,'progi1',1),('50052003',4,1,2021,'quim',1),('50052003',4,1,2021,'so1',1),('50052003',4,1,2021,'tecelec',1),('50053007',5,1,2021,'apt2',1),('50053007',5,1,2021,'bdd1',1),('50053007',5,1,2021,'dsweb1',1),('50053007',5,1,2021,'eco',1),('50053007',5,1,2021,'elec',1),('50053007',5,1,2021,'fis',1),('50053007',5,1,2021,'geo2',1),('50053007',5,1,2021,'ing2',1),('50053007',5,1,2021,'mate2',1),('50053007',5,1,2021,'progi2',1),('50053007',5,1,2021,'rds1',1),('50053007',5,1,2021,'so2',1),('50054001',5,1,2021,'apt2',1),('50054001',5,1,2021,'bdd1',1),('50054001',5,1,2021,'dsweb1',1),('50054001',5,1,2021,'eco',1),('50054001',5,1,2021,'elec',1),('50054001',5,1,2021,'fis',1),('50054001',5,1,2021,'geo2',1),('50054001',5,1,2021,'ing2',1),('50054001',5,1,2021,'mate2',1),('50054001',5,1,2021,'progi2',1),('50054001',5,1,2021,'rds1',1),('50054001',5,1,2021,'so2',1),('50055005',5,1,2021,'apt2',1),('50055005',5,1,2021,'bdd1',1),('50055005',5,1,2021,'dsweb1',1),('50055005',5,1,2021,'eco',1),('50055005',5,1,2021,'elec',1),('50055005',5,1,2021,'fis',1),('50055005',5,1,2021,'geo2',1),('50055005',5,1,2021,'ing2',1),('50055005',5,1,2021,'mate2',1),('50055005',5,1,2021,'progi2',1),('50055005',5,1,2021,'rds1',1),('50055005',5,1,2021,'so2',1),('50056009',5,1,2021,'apt2',1),('50056009',5,1,2021,'bdd1',1),('50056009',5,1,2021,'dsweb1',1),('50056009',5,1,2021,'eco',1),('50056009',5,1,2021,'elec',1),('50056009',5,1,2021,'fis',1),('50056009',5,1,2021,'geo2',1),('50056009',5,1,2021,'ing2',1),('50056009',5,1,2021,'mate2',1),('50056009',5,1,2021,'progi2',1),('50056009',5,1,2021,'rds1',1),('50056009',5,1,2021,'so2',1),('50057003',6,1,2021,'apt2',1),('50057003',6,1,2021,'bdd1',1),('50057003',6,1,2021,'dsweb1',1),('50057003',6,1,2021,'eco',1),('50057003',6,1,2021,'elec',1),('50057003',6,1,2021,'fis',1),('50057003',6,1,2021,'geo2',1),('50057003',6,1,2021,'ing2',1),('50057003',6,1,2021,'mate2',1),('50057003',6,1,2021,'progi2',1),('50057003',6,1,2021,'rds1',1),('50057003',6,1,2021,'so2',1),('50058007',6,1,2021,'apt2',1),('50058007',6,1,2021,'bdd1',1),('50058007',6,1,2021,'dsweb1',1),('50058007',6,1,2021,'eco',1),('50058007',6,1,2021,'elec',1),('50058007',6,1,2021,'fis',1),('50058007',6,1,2021,'geo2',1),('50058007',6,1,2021,'ing2',1),('50058007',6,1,2021,'mate2',1),('50058007',6,1,2021,'progi2',1),('50058007',6,1,2021,'rds1',1),('50058007',6,1,2021,'so2',1),('50059001',6,1,2021,'apt2',1),('50059001',6,1,2021,'bdd1',1),('50059001',6,1,2021,'dsweb1',1),('50059001',6,1,2021,'eco',1),('50059001',6,1,2021,'elec',1),('50059001',6,1,2021,'fis',1),('50059001',6,1,2021,'geo2',1),('50059001',6,1,2021,'ing2',1),('50059001',6,1,2021,'mate2',1),('50059001',6,1,2021,'progi2',1),('50059001',6,1,2021,'rds1',1),('50059001',6,1,2021,'so2',1),('50060008',6,1,2021,'apt2',1),('50060008',6,1,2021,'bdd1',1),('50060008',6,1,2021,'dsweb1',1),('50060008',6,1,2021,'eco',1),('50060008',6,1,2021,'elec',1),('50060008',6,1,2021,'fis',1),('50060008',6,1,2021,'geo2',1),('50060008',6,1,2021,'ing2',1),('50060008',6,1,2021,'mate2',1),('50060008',6,1,2021,'progi2',1),('50060008',6,1,2021,'rds1',1),('50060008',6,1,2021,'so2',1),('50061002',7,1,2021,'apt2',1),('50061002',7,1,2021,'bdd1',1),('50061002',7,1,2021,'dsweb1',1),('50061002',7,1,2021,'eco',1),('50061002',7,1,2021,'elec',1),('50061002',7,1,2021,'fis',1),('50061002',7,1,2021,'geo2',1),('50061002',7,1,2021,'ing2',1),('50061002',7,1,2021,'mate2',1),('50061002',7,1,2021,'progi2',1),('50061002',7,1,2021,'rds1',1),('50061002',7,1,2021,'so2',1),('50062006',7,1,2021,'apt2',1),('50062006',7,1,2021,'bdd1',1),('50062006',7,1,2021,'dsweb1',1),('50062006',7,1,2021,'eco',1),('50062006',7,1,2021,'elec',1),('50062006',7,1,2021,'fis',1),('50062006',7,1,2021,'geo2',1),('50062006',7,1,2021,'ing2',1),('50062006',7,1,2021,'mate2',1),('50062006',7,1,2021,'progi2',1),('50062006',7,1,2021,'rds1',1),('50062006',7,1,2021,'so2',1),('50063000',7,1,2021,'apt2',1),('50063000',7,1,2021,'bdd1',1),('50063000',7,1,2021,'dsweb1',1),('50063000',7,1,2021,'eco',1),('50063000',7,1,2021,'elec',1),('50063000',7,1,2021,'fis',1),('50063000',7,1,2021,'geo2',1),('50063000',7,1,2021,'ing2',1),('50063000',7,1,2021,'mate2',1),('50063000',7,1,2021,'progi2',1),('50063000',7,1,2021,'rds1',1),('50063000',7,1,2021,'so2',1),('50064004',7,1,2021,'apt2',1),('50064004',7,1,2021,'bdd1',1),('50064004',7,1,2021,'dsweb1',1),('50064004',7,1,2021,'eco',1),('50064004',7,1,2021,'elec',1),('50064004',7,1,2021,'fis',1),('50064004',7,1,2021,'geo2',1),('50064004',7,1,2021,'ing2',1),('50064004',7,1,2021,'mate2',1),('50064004',7,1,2021,'progi2',1),('50064004',7,1,2021,'rds1',1),('50064004',7,1,2021,'so2',1),('50065008',8,1,2021,'apt2',1),('50065008',8,1,2021,'bdd1',1),('50065008',8,1,2021,'dsweb1',1),('50065008',8,1,2021,'eco',1),('50065008',8,1,2021,'elec',1),('50065008',8,1,2021,'fis',1),('50065008',8,1,2021,'geo2',1),('50065008',8,1,2021,'ing2',1),('50065008',8,1,2021,'mate2',1),('50065008',8,1,2021,'progi2',1),('50065008',8,1,2021,'rds1',1),('50065008',8,1,2021,'so2',1),('50066002',8,1,2021,'apt2',1),('50066002',8,1,2021,'bdd1',1),('50066002',8,1,2021,'dsweb1',1),('50066002',8,1,2021,'eco',1),('50066002',8,1,2021,'elec',1),('50066002',8,1,2021,'fis',1),('50066002',8,1,2021,'geo2',1),('50066002',8,1,2021,'ing2',1),('50066002',8,1,2021,'mate2',1),('50066002',8,1,2021,'progi2',1),('50066002',8,1,2021,'rds1',1),('50066002',8,1,2021,'so2',1),('50067006',8,1,2021,'apt2',1),('50067006',8,1,2021,'bdd1',1),('50067006',8,1,2021,'dsweb1',1),('50067006',8,1,2021,'eco',1),('50067006',8,1,2021,'elec',1),('50067006',8,1,2021,'fis',1),('50067006',8,1,2021,'geo2',1),('50067006',8,1,2021,'ing2',1),('50067006',8,1,2021,'mate2',1),('50067006',8,1,2021,'progi2',1),('50067006',8,1,2021,'rds1',1),('50067006',8,1,2021,'so2',1),('50068000',8,1,2021,'apt2',1),('50068000',8,1,2021,'bdd1',1),('50068000',8,1,2021,'dsweb1',1),('50068000',8,1,2021,'eco',1),('50068000',8,1,2021,'elec',1),('50068000',8,1,2021,'fis',1),('50068000',8,1,2021,'geo2',1),('50068000',8,1,2021,'ing2',1),('50068000',8,1,2021,'mate2',1),('50068000',8,1,2021,'progi2',1),('50068000',8,1,2021,'rds1',1),('50068000',8,1,2021,'so2',1),('50069004',9,1,2021,'apt2',1),('50069004',9,1,2021,'bdd1',1),('50069004',9,1,2021,'dsweb1',1),('50069004',9,1,2021,'eco',1),('50069004',9,1,2021,'elec',1),('50069004',9,1,2021,'fis',1),('50069004',9,1,2021,'geo2',1),('50069004',9,1,2021,'ing2',1),('50069004',9,1,2021,'mate2',1),('50069004',9,1,2021,'progi2',1),('50069004',9,1,2021,'rds1',1),('50069004',9,1,2021,'so2',1),('50070001',9,1,2021,'apt2',1),('50070001',9,1,2021,'bdd1',1),('50070001',9,1,2021,'dsweb1',1),('50070001',9,1,2021,'eco',1),('50070001',9,1,2021,'elec',1),('50070001',9,1,2021,'fis',1),('50070001',9,1,2021,'geo2',1),('50070001',9,1,2021,'ing2',1),('50070001',9,1,2021,'mate2',1),('50070001',9,1,2021,'progi2',1),('50070001',9,1,2021,'rds1',1),('50070001',9,1,2021,'so2',1),('50071005',9,1,2021,'apt2',1),('50071005',9,1,2021,'bdd1',1),('50071005',9,1,2021,'dsweb1',1),('50071005',9,1,2021,'eco',1),('50071005',9,1,2021,'elec',1),('50071005',9,1,2021,'fis',1),('50071005',9,1,2021,'geo2',1),('50071005',9,1,2021,'ing2',1),('50071005',9,1,2021,'mate2',1),('50071005',9,1,2021,'progi2',1),('50071005',9,1,2021,'rds1',1),('50071005',9,1,2021,'so2',1),('50072009',9,1,2021,'apt2',1),('50072009',9,1,2021,'bdd1',1),('50072009',9,1,2021,'dsweb1',1),('50072009',9,1,2021,'eco',1),('50072009',9,1,2021,'elec',1),('50072009',9,1,2021,'fis',1),('50072009',9,1,2021,'geo2',1),('50072009',9,1,2021,'ing2',1),('50072009',9,1,2021,'mate2',1),('50072009',9,1,2021,'progi2',1),('50072009',9,1,2021,'rds1',1),('50072009',9,1,2021,'so2',1),('50073003',10,1,2021,'apt2',1),('50073003',10,1,2021,'bdd1',1),('50073003',10,1,2021,'dsweb1',1),('50073003',10,1,2021,'eco',1),('50073003',10,1,2021,'elec',1),('50073003',10,1,2021,'fis',1),('50073003',10,1,2021,'geo2',1),('50073003',10,1,2021,'ing2',1),('50073003',10,1,2021,'mate2',1),('50073003',10,1,2021,'progi2',1),('50073003',10,1,2021,'rds1',1),('50073003',10,1,2021,'so2',1),('50074007',10,1,2021,'apt2',1),('50074007',10,1,2021,'bdd1',1),('50074007',10,1,2021,'dsweb1',1),('50074007',10,1,2021,'eco',1),('50074007',10,1,2021,'elec',1),('50074007',10,1,2021,'fis',1),('50074007',10,1,2021,'geo2',1),('50074007',10,1,2021,'ing2',1),('50074007',10,1,2021,'mate2',1),('50074007',10,1,2021,'progi2',1),('50074007',10,1,2021,'rds1',1),('50074007',10,1,2021,'so2',1),('50075001',10,1,2021,'apt2',1),('50075001',10,1,2021,'bdd1',1),('50075001',10,1,2021,'dsweb1',1),('50075001',10,1,2021,'eco',1),('50075001',10,1,2021,'elec',1),('50075001',10,1,2021,'fis',1),('50075001',10,1,2021,'geo2',1),('50075001',10,1,2021,'ing2',1),('50075001',10,1,2021,'mate2',1),('50075001',10,1,2021,'progi2',1),('50075001',10,1,2021,'rds1',1),('50075001',10,1,2021,'so2',1),('50076005',10,1,2021,'apt2',1),('50076005',10,1,2021,'bdd1',1),('50076005',10,1,2021,'dsweb1',1),('50076005',10,1,2021,'eco',1),('50076005',10,1,2021,'elec',1),('50076005',10,1,2021,'fis',1),('50076005',10,1,2021,'geo2',1),('50076005',10,1,2021,'ing2',1),('50076005',10,1,2021,'mate2',1),('50076005',10,1,2021,'progi2',1),('50076005',10,1,2021,'rds1',1),('50076005',10,1,2021,'so2',1),('51972127',10,1,2021,'geo2',1),('51972127',11,2,2021,'ada',1),('51972127',11,2,2021,'bdd2',1),('51972127',11,2,2021,'filo',1),('51972127',11,2,2021,'forme',1),('51972127',11,2,2021,'ing3',1),('51972127',11,2,2021,'mate3',1),('51972127',11,2,2021,'progds3',1),('51972127',11,2,2021,'proyds',1),('51972127',11,2,2021,'rds2',1),('51972127',11,2,2021,'so3',1),('51972127',11,2,2021,'soci',1),('52124670',10,1,2021,'geo2',1),('52124670',11,2,2021,'ada',1),('52124670',11,2,2021,'bdd2',1),('52124670',11,2,2021,'filo',1),('52124670',11,2,2021,'forme',1),('52124670',11,2,2021,'ing3',1),('52124670',11,2,2021,'mate3',1),('52124670',11,2,2021,'progds3',1),('52124670',11,2,2021,'proyds',1),('52124670',11,2,2021,'rds2',1),('52124670',11,2,2021,'so3',1),('52124670',11,2,2021,'soci',1),('52848682',10,1,2021,'geo2',1),('52848682',11,2,2021,'ada',1),('52848682',11,2,2021,'bdd2',1),('52848682',11,2,2021,'filo',1),('52848682',11,2,2021,'forme',1),('52848682',11,2,2021,'ing3',1),('52848682',11,2,2021,'mate3',1),('52848682',11,2,2021,'progds3',1),('52848682',11,2,2021,'proyds',1),('52848682',11,2,2021,'rds2',1),('52848682',11,2,2021,'so3',1),('52848682',11,2,2021,'soci',1);
/*!40000 ALTER TABLE `asignaturacursa` ENABLE KEYS */;
UNLOCK TABLES;

--
-- Table structure for table `asignaturadictada`
--

DROP TABLE IF EXISTS `asignaturadictada`;
/*!40101 SET @saved_cs_client     = @@character_set_client */;
/*!40101 SET character_set_client = utf8 */;
CREATE TABLE `asignaturadictada` (
  `ci` char(8) NOT NULL,
  `idClase` int(11) NOT NULL,
  `orientacion` int(11) NOT NULL,
  `anio` year(4) NOT NULL,
  `asignaturaDictada` varchar(10) NOT NULL,
  `dictando` tinyint(1) NOT NULL,
  PRIMARY KEY (`ci`,`idClase`,`orientacion`,`anio`,`asignaturaDictada`),
  KEY `asignaturaDictada` (`asignaturaDictada`),
  CONSTRAINT `asignaturadictada_ibfk_1` FOREIGN KEY (`ci`, `idClase`, `orientacion`, `anio`) REFERENCES `dicta` (`ci`, `idClase`, `orientacion`, `anio`),
  CONSTRAINT `asignaturadictada_ibfk_2` FOREIGN KEY (`asignaturaDictada`) REFERENCES `contiene` (`idAsig`)
) ENGINE=InnoDB DEFAULT CHARSET=latin1;
/*!40101 SET character_set_client = @saved_cs_client */;

--
-- Dumping data for table `asignaturadictada`
--

LOCK TABLES `asignaturadictada` WRITE;
/*!40000 ALTER TABLE `asignaturadictada` DISABLE KEYS */;
INSERT INTO `asignaturadictada` VALUES ('30001008',11,2,2021,'so3',1),('30001008',12,2,2021,'so3',1),('30001008',13,2,2021,'so3',1),('30001008',14,2,2021,'so3',1),('30001008',15,3,2021,'so3',1),('30001008',16,3,2021,'so3',1),('30001008',17,3,2021,'so3',1),('30001008',18,3,2021,'so3',1),('30002002',11,2,2021,'ada',1),('30002002',12,2,2021,'ada',1),('30002002',13,2,2021,'ada',1),('30002002',14,2,2021,'ada',1),('30002002',15,3,2021,'ada',1),('30002002',16,3,2021,'ada',1),('30002002',17,3,2021,'ada',1),('30002002',18,3,2021,'ada',1),('30003006',11,2,2021,'bdd2',1),('30003006',12,2,2021,'bdd2',1),('30003006',13,2,2021,'bdd2',1),('30003006',14,2,2021,'bdd2',1),('30003006',15,3,2021,'bdd2',1),('30003006',16,3,2021,'bdd2',1),('30003006',17,3,2021,'bdd2',1),('30003006',18,3,2021,'bdd2',1),('30004000',11,2,2021,'forme',1),('30004000',12,2,2021,'forme',1),('30004000',13,2,2021,'forme',1),('30004000',14,2,2021,'forme',1),('30004000',15,3,2021,'forme',1),('30004000',16,3,2021,'forme',1),('30004000',17,3,2021,'forme',1),('30004000',18,3,2021,'forme',1),('30005004',11,2,2021,'mate3',1),('30005004',12,2,2021,'mate3',1),('30005004',13,2,2021,'mate3',1),('30005004',14,2,2021,'mate3',1),('30005004',15,3,2021,'mate3',1),('30005004',16,3,2021,'mate3',1),('30005004',17,3,2021,'mate3',1),('30005004',18,3,2021,'mate3',1),('30006008',11,2,2021,'ing3',1),('30006008',12,2,2021,'ing3',1),('30006008',13,2,2021,'ing3',1),('30006008',14,2,2021,'ing3',1),('30006008',15,3,2021,'ing3',1),('30006008',16,3,2021,'ing3',1),('30006008',17,3,2021,'ing3',1),('30006008',18,3,2021,'ing3',1),('30007002',11,2,2021,'soci',1),('30007002',12,2,2021,'soci',1),('30007002',13,2,2021,'soci',1),('30007002',14,2,2021,'soci',1),('30007002',15,3,2021,'soci',1),('30007002',16,3,2021,'soci',1),('30007002',17,3,2021,'soci',1),('30007002',18,3,2021,'soci',1),('30008006',11,2,2021,'filo',1),('30008006',12,2,2021,'filo',1),('30008006',13,2,2021,'filo',1),('30008006',14,2,2021,'filo',1),('30008006',15,3,2021,'filo',1),('30008006',16,3,2021,'filo',1),('30008006',17,3,2021,'filo',1),('30008006',18,3,2021,'filo',1),('30009000',11,2,2021,'progds3',1),('30009000',12,2,2021,'progds3',1),('30009000',13,2,2021,'progds3',1),('30009000',14,2,2021,'progds3',1),('30010007',11,2,2021,'proyds',1),('30010007',12,2,2021,'proyds',1),('30010007',13,2,2021,'proyds',1),('30010007',14,2,2021,'proyds',1),('30011001',11,2,2021,'rds2',1),('30011001',12,2,2021,'rds2',1),('30011001',13,2,2021,'rds2',1),('30011001',14,2,2021,'rds2',1),('30012005',15,3,2021,'progdw3',1),('30012005',16,3,2021,'progdw3',1),('30012005',17,3,2021,'progdw3',1),('30012005',18,3,2021,'progdw3',1),('30013009',15,3,2021,'proydw',1),('30013009',16,3,2021,'proydw',1),('30013009',17,3,2021,'proydw',1),('30013009',18,3,2021,'proydw',1),('30014003',15,3,2021,'dsweb2',1),('30014003',16,3,2021,'dsweb2',1),('30014003',17,3,2021,'dsweb2',1),('30014003',18,3,2021,'dsweb2',1),('30015007',1,1,2021,'progi1',1),('30015007',2,1,2021,'progi1',1),('30015007',3,1,2021,'progi1',1),('30015007',4,1,2021,'progi1',1),('30016001',1,1,2021,'so1',1),('30016001',2,1,2021,'so1',1),('30016001',3,1,2021,'so1',1),('30016001',4,1,2021,'so1',1),('30017005',1,1,2021,'log',1),('30017005',2,1,2021,'log',1),('30017005',3,1,2021,'log',1),('30017005',4,1,2021,'log',1),('30018009',1,1,2021,'metdis',1),('30018009',2,1,2021,'metdis',1),('30018009',3,1,2021,'metdis',1),('30018009',4,1,2021,'metdis',1),('30019003',1,1,2021,'labsop',1),('30019003',2,1,2021,'labsop',1),('30019003',3,1,2021,'labsop',1),('30019003',4,1,2021,'labsop',1),('30020000',1,1,2021,'geo1',1),('30020000',2,1,2021,'geo1',1),('30020000',3,1,2021,'geo1',1),('30020000',4,1,2021,'geo1',1),('30021004',1,1,2021,'tecelec',1),('30021004',2,1,2021,'tecelec',1),('30021004',3,1,2021,'tecelec',1),('30021004',4,1,2021,'tecelec',1),('30022008',1,1,2021,'mate1',1),('30022008',2,1,2021,'mate1',1),('30022008',3,1,2021,'mate1',1),('30022008',4,1,2021,'mate1',1),('30023002',1,1,2021,'ing1',1),('30023002',2,1,2021,'ing1',1),('30023002',3,1,2021,'ing1',1),('30023002',4,1,2021,'ing1',1),('30024006',1,1,2021,'hist',1),('30024006',2,1,2021,'hist',1),('30024006',3,1,2021,'hist',1),('30024006',4,1,2021,'hist',1),('30025000',1,1,2021,'bio',1),('30025000',2,1,2021,'bio',1),('30025000',3,1,2021,'bio',1),('30025000',4,1,2021,'bio',1),('30026004',1,1,2021,'apt1',1),('30026004',2,1,2021,'apt1',1),('30026004',3,1,2021,'apt1',1),('30026004',4,1,2021,'apt1',1),('30027008',1,1,2021,'quim',1),('30027008',2,1,2021,'quim',1),('30027008',3,1,2021,'quim',1),('30027008',4,1,2021,'quim',1),('30028002',5,1,2021,'apt2',1),('30028002',6,1,2021,'apt2',1),('30028002',7,1,2021,'apt2',1),('30028002',8,1,2021,'apt2',1),('30028002',9,1,2021,'apt2',1),('30028002',10,1,2021,'apt2',1),('30029006',5,1,2021,'bdd1',1),('30029006',6,1,2021,'bdd1',1),('30029006',7,1,2021,'bdd1',1),('30029006',8,1,2021,'bdd1',1),('30029006',9,1,2021,'bdd1',1),('30029006',10,1,2021,'bdd1',1),('30030003',5,1,2021,'dsweb1',1),('30030003',6,1,2021,'dsweb1',1),('30030003',7,1,2021,'dsweb1',1),('30030003',8,1,2021,'dsweb1',1),('30030003',9,1,2021,'dsweb1',1),('30030003',10,1,2021,'dsweb1',1),('30031007',5,1,2021,'eco',1),('30031007',6,1,2021,'eco',1),('30031007',7,1,2021,'eco',1),('30031007',8,1,2021,'eco',1),('30031007',9,1,2021,'eco',1),('30031007',10,1,2021,'eco',1),('30032001',5,1,2021,'elec',1),('30032001',6,1,2021,'elec',1),('30032001',7,1,2021,'elec',1),('30032001',8,1,2021,'elec',1),('30032001',9,1,2021,'elec',1),('30032001',10,1,2021,'elec',1),('30033005',5,1,2021,'fis',1),('30033005',6,1,2021,'fis',1),('30033005',7,1,2021,'fis',1),('30033005',8,1,2021,'fis',1),('30033005',9,1,2021,'fis',1),('30033005',10,1,2021,'fis',1),('30034009',5,1,2021,'geo2',1),('30034009',6,1,2021,'geo2',1),('30034009',7,1,2021,'geo2',1),('30034009',8,1,2021,'geo2',1),('30034009',9,1,2021,'geo2',1),('30034009',10,1,2021,'geo2',1),('30035003',5,1,2021,'ing2',1),('30035003',6,1,2021,'ing2',1),('30035003',7,1,2021,'ing2',1),('30035003',8,1,2021,'ing2',1),('30035003',9,1,2021,'ing2',1),('30035003',10,1,2021,'ing2',1),('30036007',5,1,2021,'mate2',1),('30036007',6,1,2021,'mate2',1),('30036007',7,1,2021,'mate2',1),('30036007',8,1,2021,'mate2',1),('30036007',9,1,2021,'mate2',1),('30036007',10,1,2021,'mate2',1),('30037001',5,1,2021,'progi2',1),('30037001',6,1,2021,'progi2',1),('30037001',7,1,2021,'progi2',1),('30037001',8,1,2021,'progi2',1),('30037001',9,1,2021,'progi2',1),('30037001',10,1,2021,'progi2',1),('30038005',5,1,2021,'rds1',1),('30038005',6,1,2021,'rds1',1),('30038005',7,1,2021,'rds1',1),('30038005',8,1,2021,'rds1',1),('30038005',9,1,2021,'rds1',1),('30038005',10,1,2021,'rds1',1),('30039009',5,1,2021,'so2',1),('30039009',6,1,2021,'so2',1),('30039009',7,1,2021,'so2',1),('30039009',8,1,2021,'so2',1),('30039009',9,1,2021,'so2',1),('30039009',10,1,2021,'so2',1);
/*!40000 ALTER TABLE `asignaturadictada` ENABLE KEYS */;
UNLOCK TABLES;

--
-- Table structure for table `asignaturasolicitudclaseal`
--

DROP TABLE IF EXISTS `asignaturasolicitudclaseal`;
/*!40101 SET @saved_cs_client     = @@character_set_client */;
/*!40101 SET character_set_client = utf8 */;
CREATE TABLE `asignaturasolicitudclaseal` (
  `idSolicitudClaseAl` int(11) NOT NULL,
  `idClaseAsig` int(11) NOT NULL,
  `oriClaseAsig` int(11) NOT NULL,
  `idAsignatura` varchar(10) NOT NULL,
  `aceptada` tinyint(1) NOT NULL,
  PRIMARY KEY (`idSolicitudClaseAl`,`idClaseAsig`,`oriClaseAsig`,`idAsignatura`),
  KEY `idClaseAsig` (`idClaseAsig`,`oriClaseAsig`),
  KEY `idAsignatura` (`idAsignatura`),
  CONSTRAINT `asignaturasolicitudclaseal_ibfk_1` FOREIGN KEY (`idSolicitudClaseAl`) REFERENCES `solicitudclaseal` (`idSolicitudClaseAl`),
  CONSTRAINT `asignaturasolicitudclaseal_ibfk_2` FOREIGN KEY (`idClaseAsig`, `oriClaseAsig`) REFERENCES `clasesolicitudclaseal` (`idClase`, `oriClase`),
  CONSTRAINT `asignaturasolicitudclaseal_ibfk_3` FOREIGN KEY (`idAsignatura`) REFERENCES `contiene` (`idAsig`)
) ENGINE=InnoDB DEFAULT CHARSET=latin1;
/*!40101 SET character_set_client = @saved_cs_client */;

--
-- Dumping data for table `asignaturasolicitudclaseal`
--

LOCK TABLES `asignaturasolicitudclaseal` WRITE;
/*!40000 ALTER TABLE `asignaturasolicitudclaseal` DISABLE KEYS */;
INSERT INTO `asignaturasolicitudclaseal` VALUES (1,10,1,'geo2',1),(1,11,2,'ada',1),(1,11,2,'bdd2',1),(1,11,2,'filo',1),(1,11,2,'forme',1),(1,11,2,'ing3',1),(1,11,2,'mate3',1),(1,11,2,'progds3',1),(1,11,2,'proyds',1),(1,11,2,'rds2',1),(1,11,2,'so3',1),(1,11,2,'soci',1),(2,10,1,'geo2',1),(2,11,2,'ada',1),(2,11,2,'bdd2',1),(2,11,2,'filo',1),(2,11,2,'forme',1),(2,11,2,'ing3',1),(2,11,2,'mate3',1),(2,11,2,'progds3',1),(2,11,2,'proyds',1),(2,11,2,'rds2',1),(2,11,2,'so3',1),(2,11,2,'soci',1),(3,10,1,'geo2',1),(3,11,2,'ada',1),(3,11,2,'bdd2',1),(3,11,2,'filo',1),(3,11,2,'forme',1),(3,11,2,'ing3',1),(3,11,2,'mate3',1),(3,11,2,'progds3',1),(3,11,2,'proyds',1),(3,11,2,'rds2',1),(3,11,2,'so3',1),(3,11,2,'soci',1),(4,11,2,'ada',1),(4,11,2,'bdd2',1),(4,11,2,'filo',1),(4,11,2,'forme',1),(4,11,2,'ing3',1),(4,11,2,'mate3',1),(4,11,2,'progds3',1),(4,11,2,'proyds',1),(4,11,2,'rds2',1),(4,11,2,'so3',1),(4,11,2,'soci',1),(5,11,2,'ada',1),(5,11,2,'bdd2',1),(5,11,2,'filo',1),(5,11,2,'forme',1),(5,11,2,'ing3',1),(5,11,2,'mate3',1),(5,11,2,'progds3',1),(5,11,2,'proyds',1),(5,11,2,'rds2',1),(5,11,2,'so3',1),(5,11,2,'soci',1),(6,11,2,'ada',1),(6,11,2,'bdd2',1),(6,11,2,'filo',1),(6,11,2,'forme',1),(6,11,2,'ing3',1),(6,11,2,'mate3',1),(6,11,2,'progds3',1),(6,11,2,'proyds',1),(6,11,2,'rds2',1),(6,11,2,'so3',1),(6,11,2,'soci',1),(7,11,2,'ada',1),(7,11,2,'bdd2',1),(7,11,2,'filo',1),(7,11,2,'forme',1),(7,11,2,'ing3',1),(7,11,2,'mate3',1),(7,11,2,'progds3',1),(7,11,2,'proyds',1),(7,11,2,'rds2',1),(7,11,2,'so3',1),(7,11,2,'soci',1),(8,11,2,'ada',1),(8,11,2,'bdd2',1),(8,11,2,'filo',1),(8,11,2,'forme',1),(8,11,2,'ing3',1),(8,11,2,'mate3',1),(8,11,2,'progds3',1),(8,11,2,'proyds',1),(8,11,2,'rds2',1),(8,11,2,'so3',1),(8,11,2,'soci',1),(9,11,2,'ada',1),(9,11,2,'bdd2',1),(9,11,2,'filo',1),(9,11,2,'forme',1),(9,11,2,'ing3',1),(9,11,2,'mate3',1),(9,11,2,'progds3',1),(9,11,2,'proyds',1),(9,11,2,'rds2',1),(9,11,2,'so3',1),(9,11,2,'soci',1),(10,12,2,'ada',1),(10,12,2,'bdd2',1),(10,12,2,'filo',1),(10,12,2,'forme',1),(10,12,2,'ing3',1),(10,12,2,'mate3',1),(10,12,2,'progds3',1),(10,12,2,'proyds',1),(10,12,2,'rds2',1),(10,12,2,'so3',1),(10,12,2,'soci',1),(11,12,2,'ada',1),(11,12,2,'bdd2',1),(11,12,2,'filo',1),(11,12,2,'forme',1),(11,12,2,'ing3',1),(11,12,2,'mate3',1),(11,12,2,'progds3',1),(11,12,2,'proyds',1),(11,12,2,'rds2',1),(11,12,2,'so3',1),(11,12,2,'soci',1),(12,12,2,'ada',1),(12,12,2,'bdd2',1),(12,12,2,'filo',1),(12,12,2,'forme',1),(12,12,2,'ing3',1),(12,12,2,'mate3',1),(12,12,2,'progds3',1),(12,12,2,'proyds',1),(12,12,2,'rds2',1),(12,12,2,'so3',1),(12,12,2,'soci',1),(13,12,2,'ada',1),(13,12,2,'bdd2',1),(13,12,2,'filo',1),(13,12,2,'forme',1),(13,12,2,'ing3',1),(13,12,2,'mate3',1),(13,12,2,'progds3',1),(13,12,2,'proyds',1),(13,12,2,'rds2',1),(13,12,2,'so3',1),(13,12,2,'soci',1);
/*!40000 ALTER TABLE `asignaturasolicitudclaseal` ENABLE KEYS */;
UNLOCK TABLES;

--
-- Table structure for table `asignaturasolicitudclasedo`
--

DROP TABLE IF EXISTS `asignaturasolicitudclasedo`;
/*!40101 SET @saved_cs_client     = @@character_set_client */;
/*!40101 SET character_set_client = utf8 */;
CREATE TABLE `asignaturasolicitudclasedo` (
  `idSolicitudClaseDo` int(11) NOT NULL,
  `idClaseAsig` int(11) NOT NULL,
  `oriClaseAsig` int(11) NOT NULL,
  `idAsignatura` varchar(10) NOT NULL,
  `aceptada` tinyint(1) NOT NULL,
  PRIMARY KEY (`idSolicitudClaseDo`,`idClaseAsig`,`oriClaseAsig`,`idAsignatura`),
  KEY `idClaseAsig` (`idClaseAsig`,`oriClaseAsig`),
  KEY `idAsignatura` (`idAsignatura`),
  CONSTRAINT `asignaturasolicitudclasedo_ibfk_1` FOREIGN KEY (`idSolicitudClaseDo`) REFERENCES `solicitudclasedo` (`idSolicitudClaseDo`),
  CONSTRAINT `asignaturasolicitudclasedo_ibfk_2` FOREIGN KEY (`idClaseAsig`, `oriClaseAsig`) REFERENCES `clasesolicitudclasedo` (`idClase`, `oriClase`),
  CONSTRAINT `asignaturasolicitudclasedo_ibfk_3` FOREIGN KEY (`idAsignatura`) REFERENCES `contiene` (`idAsig`)
) ENGINE=InnoDB DEFAULT CHARSET=latin1;
/*!40101 SET character_set_client = @saved_cs_client */;

--
-- Dumping data for table `asignaturasolicitudclasedo`
--

LOCK TABLES `asignaturasolicitudclasedo` WRITE;
/*!40000 ALTER TABLE `asignaturasolicitudclasedo` DISABLE KEYS */;
INSERT INTO `asignaturasolicitudclasedo` VALUES (1,11,2,'so3',1),(1,12,2,'so3',1),(1,13,2,'so3',1),(1,14,2,'so3',1),(1,15,3,'so3',1),(1,16,3,'so3',1),(1,17,3,'so3',1),(1,18,3,'so3',1),(2,11,2,'ada',1),(2,12,2,'ada',1),(2,13,2,'ada',1),(2,14,2,'ada',1),(2,15,3,'ada',1),(2,16,3,'ada',1),(2,17,3,'ada',1),(2,18,3,'ada',1),(3,11,2,'bdd2',1),(3,12,2,'bdd2',1),(3,13,2,'bdd2',1),(3,14,2,'bdd2',1),(3,15,3,'bdd2',1),(3,16,3,'bdd2',1),(3,17,3,'bdd2',1),(3,18,3,'bdd2',1),(4,11,2,'forme',1),(4,12,2,'forme',1),(4,13,2,'forme',1),(4,14,2,'forme',1),(4,15,3,'forme',1),(4,16,3,'forme',1),(4,17,3,'forme',1),(4,18,3,'forme',1),(5,11,2,'mate3',1),(5,12,2,'mate3',1),(5,13,2,'mate3',1),(5,14,2,'mate3',1),(5,15,3,'mate3',1),(5,16,3,'mate3',1),(5,17,3,'mate3',1),(5,18,3,'mate3',1),(6,11,2,'ing3',1),(6,12,2,'ing3',1),(6,13,2,'ing3',1),(6,14,2,'ing3',1),(6,15,3,'ing3',1),(6,16,3,'ing3',1),(6,17,3,'ing3',1),(6,18,3,'ing3',1),(7,11,2,'soci',1),(7,12,2,'soci',1),(7,13,2,'soci',1),(7,14,2,'soci',1),(7,15,3,'soci',1),(7,16,3,'soci',1),(7,17,3,'soci',1),(7,18,3,'soci',1),(8,11,2,'filo',1),(8,12,2,'filo',1),(8,13,2,'filo',1),(8,14,2,'filo',1),(8,15,3,'filo',1),(8,16,3,'filo',1),(8,17,3,'filo',1),(8,18,3,'filo',1),(9,11,2,'progdw3',1),(9,12,2,'progdw3',1),(9,13,2,'progdw3',1),(9,14,2,'progdw3',1),(10,15,3,'proydw',1),(10,16,3,'proydw',1),(10,17,3,'proydw',1),(10,18,3,'proydw',1),(11,15,3,'progdw3',1),(11,16,3,'progdw3',1),(11,17,3,'progdw3',1),(11,18,3,'progdw3',1),(12,15,3,'progdw3',1),(12,16,3,'progdw3',1),(12,17,3,'progdw3',1),(12,18,3,'progdw3',1);
/*!40000 ALTER TABLE `asignaturasolicitudclasedo` ENABLE KEYS */;
UNLOCK TABLES;

--
-- Table structure for table `chat`
--

DROP TABLE IF EXISTS `chat`;
/*!40101 SET @saved_cs_client     = @@character_set_client */;
/*!40101 SET character_set_client = utf8 */;
CREATE TABLE `chat` (
  `idChat` int(11) NOT NULL AUTO_INCREMENT,
  `idClase` int(11) NOT NULL,
  `oriClase` int(11) NOT NULL,
  `asignatura` varchar(10) NOT NULL,
  `fecha` date NOT NULL,
  `horaInicio` time NOT NULL,
  `horaFin` time DEFAULT NULL,
  `titulo` varchar(60) DEFAULT NULL,
  `activo` tinyint(1) NOT NULL,
  PRIMARY KEY (`idChat`),
  KEY `idClase` (`idClase`),
  KEY `oriClase` (`oriClase`),
  KEY `asignatura` (`asignatura`),
  CONSTRAINT `chat_ibfk_1` FOREIGN KEY (`idClase`) REFERENCES `solicitachat` (`idClase`),
  CONSTRAINT `chat_ibfk_2` FOREIGN KEY (`oriClase`) REFERENCES `clase` (`orientacion`),
  CONSTRAINT `chat_ibfk_3` FOREIGN KEY (`asignatura`) REFERENCES `solicitachat` (`asignatura`)
) ENGINE=InnoDB AUTO_INCREMENT=5 DEFAULT CHARSET=latin1;
/*!40101 SET character_set_client = @saved_cs_client */;

--
-- Dumping data for table `chat`
--

LOCK TABLES `chat` WRITE;
/*!40000 ALTER TABLE `chat` DISABLE KEYS */;
INSERT INTO `chat` VALUES (1,11,2,'bdd2','2021-08-12','11:40:32','12:09:13','Consulta sobre permisos en MySQL',0),(2,11,2,'so3','2021-08-15','11:40:32','12:09:13','Consulta sobre ultimo tema dado',0),(3,11,2,'forme','2021-09-27','11:40:32','12:09:13','Consulta sobre ultimo tema dado',0),(4,11,2,'mate3','2021-08-18','11:40:32','12:09:13','Limites',1);
/*!40000 ALTER TABLE `chat` ENABLE KEYS */;
UNLOCK TABLES;

--
-- Table structure for table `chateaal`
--

DROP TABLE IF EXISTS `chateaal`;
/*!40101 SET @saved_cs_client     = @@character_set_client */;
/*!40101 SET character_set_client = utf8 */;
CREATE TABLE `chateaal` (
  `ci` char(8) NOT NULL,
  `idChat` int(11) NOT NULL,
  `horaEnvioAl` time NOT NULL,
  `contenidoAl` varchar(200) NOT NULL,
  PRIMARY KEY (`ci`,`idChat`,`horaEnvioAl`),
  KEY `idChat` (`idChat`),
  CONSTRAINT `chateaal_ibfk_1` FOREIGN KEY (`ci`) REFERENCES `alumno` (`ci`),
  CONSTRAINT `chateaal_ibfk_2` FOREIGN KEY (`idChat`) REFERENCES `chat` (`idChat`)
) ENGINE=InnoDB DEFAULT CHARSET=latin1;
/*!40101 SET character_set_client = @saved_cs_client */;

--
-- Dumping data for table `chateaal`
--

LOCK TABLES `chateaal` WRITE;
/*!40000 ALTER TABLE `chateaal` DISABLE KEYS */;
INSERT INTO `chateaal` VALUES ('50003002',3,'11:42:16','¡ Andres ha ingresado al chat !'),('50004006',3,'11:42:16','¡ Cristiano ha ingresado al chat !'),('50005000',3,'11:42:16','¡ Gerard ha ingresado al chat !'),('50006004',3,'11:42:16','¡ Isabella ha ingresado al chat !'),('50007008',3,'11:42:16','¡ Martina ha ingresado al chat !'),('50008002',3,'11:42:16','¡ Benjamin ha ingresado al chat !'),('51972127',1,'11:42:16','¡ Agustin ha ingresado al chat !'),('51972127',1,'11:42:57','jajajajajajaj'),('51972127',2,'11:42:16','¡ Agustin ha ingresado al chat !'),('51972127',2,'11:42:57','ok profe'),('51972127',2,'12:05:09','Por mi no, cerra tranqui'),('51972127',3,'11:42:16','¡ Agustin ha ingresado al chat !'),('51972127',3,'11:42:57','ok profe'),('51972127',3,'12:05:09','Por mi no, cerra tranqui'),('52124670',1,'11:41:02','¡ Mauro ha ingresado al chat !'),('52124670',1,'11:42:45','Queeeee!! hay escrito de bdd, para cuando es?'),('52124670',1,'11:46:42','Uh la baja'),('52124670',1,'11:48:03','Y having q es? es un comando pero para q sirve'),('52124670',2,'11:41:02','¡ Mauro ha ingresado al chat !'),('52124670',2,'11:46:42','Muchas gracias profe, nos vemos la proxima clase'),('52124670',3,'11:41:02','¡ Mauro ha ingresado al chat !'),('52124670',3,'11:46:42','Muchas gracias profe, nos vemos la proxima clase'),('52124670',4,'11:41:33','¡ Mauro ha ingresado al chat !'),('52848682',1,'11:40:32','¡ Palme ha ingresado al chat !'),('52848682',1,'11:41:26','En el pdf de consultas, hay un comando que se llama HAVING, este va para el proximo escrito?'),('52848682',1,'11:49:12','Es como el where pero se usa despues de un group by, y en este se puede funciones. Es una restriccion'),('52848682',1,'12:05:09','Profe, el chat solo puede ser cerrado por el alumno que lo creo. Digame y yo lo cierro'),('52848682',2,'11:40:32','¡ Palme ha ingresado al chat !'),('52848682',2,'11:41:26','En la clase pasada no entendi tanto, podriamos hacer un mini repaso por el chat?'),('52848682',2,'11:49:12','Cierro el chat profe, o alguien necesita algo mas?'),('52848682',3,'11:40:32','¡ Palme ha ingresado al chat !'),('52848682',3,'11:41:26','En la clase pasada no entendi tanto, podriamos hacer un mini repaso por el chat?'),('52848682',3,'11:49:12','Cierro el chat profe, o alguien necesita algo mas?'),('52848682',4,'11:40:32','¡ Palme ha ingresado al chat !');
/*!40000 ALTER TABLE `chateaal` ENABLE KEYS */;
UNLOCK TABLES;

--
-- Table structure for table `chateado`
--

DROP TABLE IF EXISTS `chateado`;
/*!40101 SET @saved_cs_client     = @@character_set_client */;
/*!40101 SET character_set_client = utf8 */;
CREATE TABLE `chateado` (
  `ci` char(8) NOT NULL,
  `idChat` int(11) NOT NULL,
  `horaEnvioDo` time NOT NULL,
  `contenidoDo` varchar(200) NOT NULL,
  PRIMARY KEY (`idChat`,`horaEnvioDo`),
  KEY `ci` (`ci`),
  CONSTRAINT `chateado_ibfk_1` FOREIGN KEY (`ci`) REFERENCES `docente` (`ci`),
  CONSTRAINT `chateado_ibfk_2` FOREIGN KEY (`idChat`) REFERENCES `chat` (`idChat`)
) ENGINE=InnoDB DEFAULT CHARSET=latin1;
/*!40101 SET character_set_client = @saved_cs_client */;

--
-- Dumping data for table `chateado`
--

LOCK TABLES `chateado` WRITE;
/*!40000 ALTER TABLE `chateado` DISABLE KEYS */;
INSERT INTO `chateado` VALUES ('30039009',1,'11:40:33','¡ Alberto ha ingresado al chat !'),('30039009',1,'11:42:10','Si, having va, ya que forma parte de los temas de consultas'),('30039009',1,'11:45:32','El escrito es para el proximo martes, aun tiene una semana para repasar. este mas atento!!'),('30039009',1,'11:50:43','Muy bien matheo!'),('30039009',1,'12:03:58','Chicos voy a cerrar el chat que ya casi es la hora, si alguien tiene alguna otra consulta, este es el momento'),('30001008',2,'11:40:33','¡ Pedro ha ingresado al chat !'),('30001008',2,'11:42:10','Si, claro!'),('30001008',2,'11:42:45','Les voy a subir un pdf corto, de 2 paginas por mail'),('30001008',2,'11:45:32','Listo, esta subido, vayan a verlo.'),('30001008',2,'12:03:58','Cierrenlo chicos, cualquier cosa hacen otra soliciud para un chat'),('30004000',3,'11:40:33','¡ Alber ha ingresado al chat !'),('30004000',3,'11:42:10','Si, claro!'),('30004000',3,'11:42:45','Les voy a subir un pdf corto, de 2 paginas por mail'),('30004000',3,'11:45:32','Listo, esta subido, vayan a verlo.'),('30004000',3,'12:03:58','Cierrenlo chicos, cualquier cosa hacen otra soliciud para un chat'),('30005004',4,'11:40:33','¡ Ezequiel ha ingresado al chat !');
/*!40000 ALTER TABLE `chateado` ENABLE KEYS */;
UNLOCK TABLES;

--
-- Table structure for table `clase`
--

DROP TABLE IF EXISTS `clase`;
/*!40101 SET @saved_cs_client     = @@character_set_client */;
/*!40101 SET character_set_client = utf8 */;
CREATE TABLE `clase` (
  `idClase` int(11) NOT NULL AUTO_INCREMENT,
  `nombre` varchar(4) NOT NULL,
  `anio` int(11) NOT NULL,
  `orientacion` int(11) NOT NULL,
  `activo` tinyint(1) NOT NULL,
  PRIMARY KEY (`idClase`,`orientacion`),
  KEY `orientacion` (`orientacion`),
  CONSTRAINT `clase_ibfk_1` FOREIGN KEY (`orientacion`) REFERENCES `orientacion` (`id`)
) ENGINE=InnoDB AUTO_INCREMENT=19 DEFAULT CHARSET=latin1;
/*!40101 SET character_set_client = @saved_cs_client */;

--
-- Dumping data for table `clase`
--

LOCK TABLES `clase` WRITE;
/*!40000 ALTER TABLE `clase` DISABLE KEYS */;
INSERT INTO `clase` VALUES (1,'BA',1,1,1),(2,'BB',1,1,1),(3,'BC',1,1,1),(4,'BD',1,1,1),(5,'BA',2,1,1),(6,'BB',2,1,1),(7,'BC',2,1,1),(8,'BD',2,1,1),(9,'BE',2,1,1),(10,'BF',2,1,1),(11,'BA',3,2,1),(12,'BB',3,2,1),(13,'BC',3,2,1),(14,'BD',3,2,1),(15,'BA',3,3,1),(16,'BB',3,3,1),(17,'BC',3,3,1),(18,'BD',3,3,1);
/*!40000 ALTER TABLE `clase` ENABLE KEYS */;
UNLOCK TABLES;

--
-- Table structure for table `clasesolicitudclaseal`
--

DROP TABLE IF EXISTS `clasesolicitudclaseal`;
/*!40101 SET @saved_cs_client     = @@character_set_client */;
/*!40101 SET character_set_client = utf8 */;
CREATE TABLE `clasesolicitudclaseal` (
  `idSolicitudClaseAl` int(11) NOT NULL,
  `idClase` int(11) NOT NULL,
  `oriClase` int(11) NOT NULL,
  PRIMARY KEY (`idSolicitudClaseAl`,`idClase`,`oriClase`),
  KEY `idClase` (`idClase`,`oriClase`),
  CONSTRAINT `clasesolicitudclaseal_ibfk_1` FOREIGN KEY (`idSolicitudClaseAl`) REFERENCES `solicitudclaseal` (`idSolicitudClaseAl`),
  CONSTRAINT `clasesolicitudclaseal_ibfk_2` FOREIGN KEY (`idClase`, `oriClase`) REFERENCES `clase` (`idClase`, `orientacion`)
) ENGINE=InnoDB DEFAULT CHARSET=latin1;
/*!40101 SET character_set_client = @saved_cs_client */;

--
-- Dumping data for table `clasesolicitudclaseal`
--

LOCK TABLES `clasesolicitudclaseal` WRITE;
/*!40000 ALTER TABLE `clasesolicitudclaseal` DISABLE KEYS */;
INSERT INTO `clasesolicitudclaseal` VALUES (1,10,1),(2,10,1),(3,10,1),(1,11,2),(2,11,2),(3,11,2),(4,11,2),(5,11,2),(6,11,2),(7,11,2),(8,11,2),(9,11,2),(10,12,2),(11,12,2),(12,12,2),(13,12,2);
/*!40000 ALTER TABLE `clasesolicitudclaseal` ENABLE KEYS */;
UNLOCK TABLES;

--
-- Table structure for table `clasesolicitudclasedo`
--

DROP TABLE IF EXISTS `clasesolicitudclasedo`;
/*!40101 SET @saved_cs_client     = @@character_set_client */;
/*!40101 SET character_set_client = utf8 */;
CREATE TABLE `clasesolicitudclasedo` (
  `idSolicitudClaseDo` int(11) NOT NULL,
  `idClase` int(11) NOT NULL,
  `oriClase` int(11) NOT NULL,
  PRIMARY KEY (`idSolicitudClaseDo`,`idClase`,`oriClase`),
  KEY `idClase` (`idClase`,`oriClase`),
  CONSTRAINT `clasesolicitudclasedo_ibfk_1` FOREIGN KEY (`idSolicitudClaseDo`) REFERENCES `solicitudclasedo` (`idSolicitudClaseDo`),
  CONSTRAINT `clasesolicitudclasedo_ibfk_2` FOREIGN KEY (`idClase`, `oriClase`) REFERENCES `clase` (`idClase`, `orientacion`)
) ENGINE=InnoDB DEFAULT CHARSET=latin1;
/*!40101 SET character_set_client = @saved_cs_client */;

--
-- Dumping data for table `clasesolicitudclasedo`
--

LOCK TABLES `clasesolicitudclasedo` WRITE;
/*!40000 ALTER TABLE `clasesolicitudclasedo` DISABLE KEYS */;
INSERT INTO `clasesolicitudclasedo` VALUES (1,11,2),(2,11,2),(3,11,2),(4,11,2),(5,11,2),(6,11,2),(7,11,2),(8,11,2),(9,11,2),(1,12,2),(2,12,2),(3,12,2),(4,12,2),(5,12,2),(6,12,2),(7,12,2),(8,12,2),(9,12,2),(1,13,2),(2,13,2),(3,13,2),(4,13,2),(5,13,2),(6,13,2),(7,13,2),(8,13,2),(9,13,2),(1,14,2),(2,14,2),(3,14,2),(4,14,2),(5,14,2),(6,14,2),(7,14,2),(8,14,2),(9,14,2),(1,15,3),(2,15,3),(3,15,3),(4,15,3),(5,15,3),(6,15,3),(7,15,3),(8,15,3),(10,15,3),(11,15,3),(12,15,3),(1,16,3),(2,16,3),(3,16,3),(4,16,3),(5,16,3),(6,16,3),(7,16,3),(8,16,3),(10,16,3),(11,16,3),(12,16,3),(1,17,3),(2,17,3),(3,17,3),(4,17,3),(5,17,3),(6,17,3),(7,17,3),(8,17,3),(10,17,3),(11,17,3),(12,17,3),(1,18,3),(2,18,3),(3,18,3),(4,18,3),(5,18,3),(6,18,3),(7,18,3),(8,18,3),(10,18,3),(11,18,3),(12,18,3);
/*!40000 ALTER TABLE `clasesolicitudclasedo` ENABLE KEYS */;
UNLOCK TABLES;

--
-- Table structure for table `contiene`
--

DROP TABLE IF EXISTS `contiene`;
/*!40101 SET @saved_cs_client     = @@character_set_client */;
/*!40101 SET character_set_client = utf8 */;
CREATE TABLE `contiene` (
  `idAsig` varchar(10) NOT NULL,
  `idOri` int(11) NOT NULL,
  `activo` tinyint(1) NOT NULL,
  PRIMARY KEY (`idAsig`,`idOri`),
  KEY `idOri` (`idOri`),
  CONSTRAINT `contiene_ibfk_1` FOREIGN KEY (`idAsig`) REFERENCES `asignatura` (`id`),
  CONSTRAINT `contiene_ibfk_2` FOREIGN KEY (`idOri`) REFERENCES `orientacion` (`id`)
) ENGINE=InnoDB DEFAULT CHARSET=latin1;
/*!40101 SET character_set_client = @saved_cs_client */;

--
-- Dumping data for table `contiene`
--

LOCK TABLES `contiene` WRITE;
/*!40000 ALTER TABLE `contiene` DISABLE KEYS */;
INSERT INTO `contiene` VALUES ('ada',2,1),('ada',3,1),('apt1',1,1),('apt2',1,1),('bdd1',1,1),('bdd2',2,1),('bdd2',3,1),('bio',1,1),('dsweb1',1,1),('dsweb2',3,1),('eco',1,1),('elec',1,1),('filo',2,1),('filo',3,1),('fis',1,1),('forme',2,1),('forme',3,1),('geo1',1,1),('geo2',1,1),('hist',1,1),('ing1',1,1),('ing2',1,1),('ing3',2,1),('ing3',3,1),('labsop',1,1),('log',1,1),('mate1',1,1),('mate2',1,1),('mate3',2,1),('mate3',3,1),('metdis',1,1),('progds3',2,1),('progdw3',3,1),('progi1',1,1),('progi2',1,1),('proyds',2,1),('proydw',3,1),('quim',1,1),('rds1',1,1),('rds2',2,1),('so1',1,1),('so2',1,1),('so3',2,1),('so3',3,1),('soci',2,1),('soci',3,1),('tecelec',1,1);
/*!40000 ALTER TABLE `contiene` ENABLE KEYS */;
UNLOCK TABLES;

--
-- Table structure for table `cursa`
--

DROP TABLE IF EXISTS `cursa`;
/*!40101 SET @saved_cs_client     = @@character_set_client */;
/*!40101 SET character_set_client = utf8 */;
CREATE TABLE `cursa` (
  `ci` char(8) NOT NULL,
  `idClase` int(11) NOT NULL,
  `orientacion` int(11) NOT NULL,
  `anio` year(4) NOT NULL,
  PRIMARY KEY (`ci`,`idClase`,`orientacion`,`anio`),
  KEY `idClase` (`idClase`,`orientacion`),
  CONSTRAINT `cursa_ibfk_1` FOREIGN KEY (`ci`) REFERENCES `alumno` (`ci`),
  CONSTRAINT `cursa_ibfk_2` FOREIGN KEY (`idClase`, `orientacion`) REFERENCES `clase` (`idClase`, `orientacion`)
) ENGINE=InnoDB DEFAULT CHARSET=latin1;
/*!40101 SET character_set_client = @saved_cs_client */;

--
-- Dumping data for table `cursa`
--

LOCK TABLES `cursa` WRITE;
/*!40000 ALTER TABLE `cursa` DISABLE KEYS */;
INSERT INTO `cursa` VALUES ('50037007',1,1,2021),('50038001',1,1,2021),('50039005',1,1,2021),('50040002',1,1,2021),('50041006',2,1,2021),('50042000',2,1,2021),('50043004',2,1,2021),('50044008',2,1,2021),('50045002',3,1,2021),('50046006',3,1,2021),('50047000',3,1,2021),('50048004',3,1,2021),('50049008',4,1,2021),('50050005',4,1,2021),('50051009',4,1,2021),('50052003',4,1,2021),('50053007',5,1,2021),('50054001',5,1,2021),('50055005',5,1,2021),('50056009',5,1,2021),('50057003',6,1,2021),('50058007',6,1,2021),('50059001',6,1,2021),('50060008',6,1,2021),('50061002',7,1,2021),('50062006',7,1,2021),('50063000',7,1,2021),('50064004',7,1,2021),('50065008',8,1,2021),('50066002',8,1,2021),('50067006',8,1,2021),('50068000',8,1,2021),('50069004',9,1,2021),('50070001',9,1,2021),('50071005',9,1,2021),('50072009',9,1,2021),('50073003',10,1,2021),('50074007',10,1,2021),('50075001',10,1,2021),('50076005',10,1,2021),('51972127',10,1,2021),('52124670',10,1,2021),('52848682',10,1,2021),('50003002',11,2,2021),('50004006',11,2,2021),('50005000',11,2,2021),('50006004',11,2,2021),('50007008',11,2,2021),('50008002',11,2,2021),('51972127',11,2,2021),('52124670',11,2,2021),('52848682',11,2,2021),('50009006',12,2,2021),('50010003',12,2,2021),('50011007',12,2,2021),('50012001',12,2,2021),('50013005',13,2,2021),('50014009',13,2,2021),('50015003',13,2,2021),('50016007',13,2,2021),('50017001',14,2,2021),('50018005',14,2,2021),('50019009',14,2,2021),('50020006',14,2,2021),('50021000',15,3,2021),('50022004',15,3,2021),('50023008',15,3,2021),('50024002',15,3,2021),('50025006',16,3,2021),('50026000',16,3,2021),('50027004',16,3,2021),('50028008',16,3,2021),('50029002',17,3,2021),('50030009',17,3,2021),('50031003',17,3,2021),('50032007',17,3,2021),('50033001',18,3,2021),('50034005',18,3,2021),('50034009',18,3,2021),('50036003',18,3,2021);
/*!40000 ALTER TABLE `cursa` ENABLE KEYS */;
UNLOCK TABLES;

--
-- Table structure for table `dicta`
--

DROP TABLE IF EXISTS `dicta`;
/*!40101 SET @saved_cs_client     = @@character_set_client */;
/*!40101 SET character_set_client = utf8 */;
CREATE TABLE `dicta` (
  `ci` char(8) NOT NULL,
  `idClase` int(11) NOT NULL,
  `orientacion` int(11) NOT NULL,
  `anio` year(4) NOT NULL,
  PRIMARY KEY (`ci`,`idClase`,`orientacion`,`anio`),
  KEY `idClase` (`idClase`,`orientacion`),
  CONSTRAINT `dicta_ibfk_1` FOREIGN KEY (`ci`) REFERENCES `docente` (`ci`),
  CONSTRAINT `dicta_ibfk_2` FOREIGN KEY (`idClase`, `orientacion`) REFERENCES `clase` (`idClase`, `orientacion`)
) ENGINE=InnoDB DEFAULT CHARSET=latin1;
/*!40101 SET character_set_client = @saved_cs_client */;

--
-- Dumping data for table `dicta`
--

LOCK TABLES `dicta` WRITE;
/*!40000 ALTER TABLE `dicta` DISABLE KEYS */;
INSERT INTO `dicta` VALUES ('30015007',1,1,2021),('30016001',1,1,2021),('30017005',1,1,2021),('30018009',1,1,2021),('30019003',1,1,2021),('30020000',1,1,2021),('30021004',1,1,2021),('30022008',1,1,2021),('30023002',1,1,2021),('30024006',1,1,2021),('30025000',1,1,2021),('30026004',1,1,2021),('30027008',1,1,2021),('30015007',2,1,2021),('30016001',2,1,2021),('30017005',2,1,2021),('30018009',2,1,2021),('30019003',2,1,2021),('30020000',2,1,2021),('30021004',2,1,2021),('30022008',2,1,2021),('30023002',2,1,2021),('30024006',2,1,2021),('30025000',2,1,2021),('30026004',2,1,2021),('30027008',2,1,2021),('30015007',3,1,2021),('30016001',3,1,2021),('30017005',3,1,2021),('30018009',3,1,2021),('30019003',3,1,2021),('30020000',3,1,2021),('30021004',3,1,2021),('30022008',3,1,2021),('30023002',3,1,2021),('30024006',3,1,2021),('30025000',3,1,2021),('30026004',3,1,2021),('30027008',3,1,2021),('30015007',4,1,2021),('30016001',4,1,2021),('30017005',4,1,2021),('30018009',4,1,2021),('30019003',4,1,2021),('30020000',4,1,2021),('30021004',4,1,2021),('30022008',4,1,2021),('30023002',4,1,2021),('30024006',4,1,2021),('30025000',4,1,2021),('30026004',4,1,2021),('30027008',4,1,2021),('30028002',5,1,2021),('30029006',5,1,2021),('30030003',5,1,2021),('30031007',5,1,2021),('30032001',5,1,2021),('30033005',5,1,2021),('30034009',5,1,2021),('30035003',5,1,2021),('30036007',5,1,2021),('30037001',5,1,2021),('30038005',5,1,2021),('30039009',5,1,2021),('30028002',6,1,2021),('30029006',6,1,2021),('30030003',6,1,2021),('30031007',6,1,2021),('30032001',6,1,2021),('30033005',6,1,2021),('30034009',6,1,2021),('30035003',6,1,2021),('30036007',6,1,2021),('30037001',6,1,2021),('30038005',6,1,2021),('30039009',6,1,2021),('30028002',7,1,2021),('30029006',7,1,2021),('30030003',7,1,2021),('30031007',7,1,2021),('30032001',7,1,2021),('30033005',7,1,2021),('30034009',7,1,2021),('30035003',7,1,2021),('30036007',7,1,2021),('30037001',7,1,2021),('30038005',7,1,2021),('30039009',7,1,2021),('30028002',8,1,2021),('30029006',8,1,2021),('30030003',8,1,2021),('30031007',8,1,2021),('30032001',8,1,2021),('30033005',8,1,2021),('30034009',8,1,2021),('30035003',8,1,2021),('30036007',8,1,2021),('30037001',8,1,2021),('30038005',8,1,2021),('30039009',8,1,2021),('30028002',9,1,2021),('30029006',9,1,2021),('30030003',9,1,2021),('30031007',9,1,2021),('30032001',9,1,2021),('30033005',9,1,2021),('30034009',9,1,2021),('30035003',9,1,2021),('30036007',9,1,2021),('30037001',9,1,2021),('30038005',9,1,2021),('30039009',9,1,2021),('30028002',10,1,2021),('30029006',10,1,2021),('30030003',10,1,2021),('30031007',10,1,2021),('30032001',10,1,2021),('30033005',10,1,2021),('30034009',10,1,2021),('30035003',10,1,2021),('30036007',10,1,2021),('30037001',10,1,2021),('30038005',10,1,2021),('30039009',10,1,2021),('30001008',11,2,2021),('30002002',11,2,2021),('30003006',11,2,2021),('30004000',11,2,2021),('30005004',11,2,2021),('30006008',11,2,2021),('30007002',11,2,2021),('30008006',11,2,2021),('30009000',11,2,2021),('30010007',11,2,2021),('30011001',11,2,2021),('30001008',12,2,2021),('30002002',12,2,2021),('30003006',12,2,2021),('30004000',12,2,2021),('30005004',12,2,2021),('30006008',12,2,2021),('30007002',12,2,2021),('30008006',12,2,2021),('30009000',12,2,2021),('30010007',12,2,2021),('30011001',12,2,2021),('30001008',13,2,2021),('30002002',13,2,2021),('30003006',13,2,2021),('30004000',13,2,2021),('30005004',13,2,2021),('30006008',13,2,2021),('30007002',13,2,2021),('30008006',13,2,2021),('30009000',13,2,2021),('30010007',13,2,2021),('30011001',13,2,2021),('30001008',14,2,2021),('30002002',14,2,2021),('30003006',14,2,2021),('30004000',14,2,2021),('30005004',14,2,2021),('30006008',14,2,2021),('30007002',14,2,2021),('30008006',14,2,2021),('30009000',14,2,2021),('30010007',14,2,2021),('30011001',14,2,2021),('30001008',15,3,2021),('30002002',15,3,2021),('30003006',15,3,2021),('30004000',15,3,2021),('30005004',15,3,2021),('30006008',15,3,2021),('30007002',15,3,2021),('30008006',15,3,2021),('30012005',15,3,2021),('30013009',15,3,2021),('30014003',15,3,2021),('30001008',16,3,2021),('30002002',16,3,2021),('30003006',16,3,2021),('30004000',16,3,2021),('30005004',16,3,2021),('30006008',16,3,2021),('30007002',16,3,2021),('30008006',16,3,2021),('30012005',16,3,2021),('30013009',16,3,2021),('30014003',16,3,2021),('30001008',17,3,2021),('30002002',17,3,2021),('30003006',17,3,2021),('30004000',17,3,2021),('30005004',17,3,2021),('30006008',17,3,2021),('30007002',17,3,2021),('30008006',17,3,2021),('30012005',17,3,2021),('30013009',17,3,2021),('30014003',17,3,2021),('30001008',18,3,2021),('30002002',18,3,2021),('30003006',18,3,2021),('30004000',18,3,2021),('30005004',18,3,2021),('30006008',18,3,2021),('30007002',18,3,2021),('30008006',18,3,2021),('30012005',18,3,2021),('30013009',18,3,2021),('30014003',18,3,2021);
/*!40000 ALTER TABLE `dicta` ENABLE KEYS */;
UNLOCK TABLES;

--
-- Table structure for table `docente`
--

DROP TABLE IF EXISTS `docente`;
/*!40101 SET @saved_cs_client     = @@character_set_client */;
/*!40101 SET character_set_client = utf8 */;
CREATE TABLE `docente` (
  `ci` char(8) NOT NULL,
  PRIMARY KEY (`ci`),
  CONSTRAINT `docente_ibfk_1` FOREIGN KEY (`ci`) REFERENCES `usuario` (`ci`)
) ENGINE=InnoDB DEFAULT CHARSET=latin1;
/*!40101 SET character_set_client = @saved_cs_client */;

--
-- Dumping data for table `docente`
--

LOCK TABLES `docente` WRITE;
/*!40000 ALTER TABLE `docente` DISABLE KEYS */;
INSERT INTO `docente` VALUES ('30001008'),('30002002'),('30003006'),('30004000'),('30005004'),('30006008'),('30007002'),('30008006'),('30009000'),('30010007'),('30011001'),('30012005'),('30013009'),('30014003'),('30015007'),('30016001'),('30017005'),('30018009'),('30019003'),('30020000'),('30021004'),('30022008'),('30023002'),('30024006'),('30025000'),('30026004'),('30027008'),('30028002'),('30029006'),('30030003'),('30031007'),('30032001'),('30033005'),('30034009'),('30035003'),('30036007'),('30037001'),('30038005'),('30039009');
/*!40000 ALTER TABLE `docente` ENABLE KEYS */;
UNLOCK TABLES;

--
-- Table structure for table `mensaje`
--

DROP TABLE IF EXISTS `mensaje`;
/*!40101 SET @saved_cs_client     = @@character_set_client */;
/*!40101 SET character_set_client = utf8 */;
CREATE TABLE `mensaje` (
  `idMensaje` int(11) NOT NULL AUTO_INCREMENT,
  `docente` char(8) NOT NULL,
  `alumno` char(8) NOT NULL,
  `fechaHora` datetime NOT NULL,
  `mensajeAlumno` varchar(500) NOT NULL,
  `estado` enum('realizado','contestado','recibido') NOT NULL,
  `asunto` varchar(60) NOT NULL,
  `mensajeDocente` varchar(500) DEFAULT NULL,
  `fechaHoraDocente` datetime DEFAULT NULL,
  PRIMARY KEY (`idMensaje`),
  KEY `docente` (`docente`),
  CONSTRAINT `mensaje_ibfk_1` FOREIGN KEY (`docente`) REFERENCES `docente` (`ci`)
) ENGINE=InnoDB AUTO_INCREMENT=87 DEFAULT CHARSET=latin1;
/*!40101 SET character_set_client = @saved_cs_client */;

--
-- Dumping data for table `mensaje`
--

LOCK TABLES `mensaje` WRITE;
/*!40000 ALTER TABLE `mensaje` DISABLE KEYS */;
INSERT INTO `mensaje` VALUES (1,'30005004','52848682','2021-06-01 23:34:09','Profe, podria mandar el pdf de limites?, que me ayudaria un poco mas de material de repaso','contestado','PDF Limites','Buen dia Matheo, claro lo subire a crea en la brevedad. Saludos cordiales.','2021-06-03 15:12:43'),(2,'30005004','52848682','2021-06-16 17:24:37','Disculpe, al final no subio el material, se anima a subirlo asi tengo de donde estudiar para el proximo escrito?','realizado','No envió el repartido',NULL,NULL),(3,'30005004','52848682','2021-06-18 17:24:37','Perdon que sea tan molesto, pero podria mandar el material? L necesitamos para antes del escrito!','realizado','Nueva peticion de envio del pdf',NULL,NULL),(4,'30002002','52124670','2021-06-01 23:34:09','Profe, podria mandar el pdf de metricas?, que me ayudaria un poco mas de material de repaso','contestado','PDF Metricas','Buen dia Mauro, claro lo subire a crea en la brevedad. Saludos cordiales.','2021-06-03 15:12:43'),(5,'30002002','52124670','2021-06-18 17:24:37','Profe, estamos en el salon 7 esperando','realizado','Nueva peticion de envio del pdf',NULL,NULL),(6,'30039009','51972127','2021-06-01 23:34:09','Profe, podria mandar el pdf de permisos?, que me ayudaria un poco mas de material de repaso','contestado','PDF Permisos','Buen dia Agustin, claro lo subire a crea en la brevedad. Saludos cordiales.','2021-06-03 15:12:43'),(7,'30002002','52124670','2021-06-18 17:24:37','Hola profe, podria aceptar mi solicitud de chat? Tenesmos una pregunta que hacerle con mis compañeros','realizado','Nueva peticion de envio del pdf',NULL,NULL),(8,'30008006','50003002','2021-06-01 23:34:09','Profe, podria mandar el pdf que nombro la clase pasada?, que me ayudaria un poco mas de material de repaso','contestado','PDF Repaso','Buen dia Estimado, claro lo subire a crea en la brevedad. Saludos cordiales.','2021-06-03 15:12:43'),(9,'30004000','50004006','2021-06-01 23:34:09','Profe, podria mandar el pdf que nombro la clase pasada?, que me ayudaria un poco mas de material de repaso','contestado','PDF Repaso','Buen dia Estimado, claro lo subire a crea en la brevedad. Saludos cordiales.','2021-06-03 15:12:43'),(10,'30006008','50005000','2021-06-01 23:34:09','Profe, podria mandar el pdf que nombro la clase pasada?, que me ayudaria un poco mas de material de repaso','contestado','PDF Repaso','Buen dia Estimado, claro lo subire a crea en la brevedad. Saludos cordiales.','2021-06-03 15:12:43'),(11,'30009000','50006004','2021-06-01 23:34:09','Profe, podria mandar el pdf que nombro la clase pasada?, que me ayudaria un poco mas de material de repaso','contestado','PDF Repaso','Buen dia Estimado, claro lo subire a crea en la brevedad. Saludos cordiales.','2021-10-03 15:12:43'),(12,'30010007','50007008','2021-06-01 23:34:09','Profe, podria mandar el pdf que nombro la clase pasada?, que me ayudaria un poco mas de material de repaso','contestado','PDF Repaso','Buen dia Estimado, claro lo subire a crea en la brevedad. Saludos cordiales.','2021-06-03 15:12:43'),(13,'30011001','50008002','2021-06-01 23:34:09','Profe, podria mandar el pdf que nombro la clase pasada?, que me ayudaria un poco mas de material de repaso','contestado','PDF Repaso','Buen dia Estimado, claro lo subire a crea en la brevedad. Saludos cordiales.','2021-06-03 15:12:43'),(14,'30001008','50009006','2021-06-01 23:34:09','Profe, podria mandar el pdf que nombro la clase pasada?, que me ayudaria un poco mas de material de repaso','contestado','PDF Repaso','Buen dia Estimado, claro lo subire a crea en la brevedad. Saludos cordiales.','2021-06-03 15:12:43'),(15,'30007002','50010003','2021-06-01 23:34:09','Profe, podria mandar el pdf que nombro la clase pasada?, que me ayudaria un poco mas de material de repaso','contestado','PDF Repaso','Buen dia Estimado, claro lo subire a crea en la brevedad. Saludos cordiales.','2021-06-03 15:12:43'),(16,'30021004','50011007','2021-06-01 23:34:09','Profe, podria mandar el pdf que nombro la clase pasada?, que me ayudaria un poco mas de material de repaso','contestado','PDF Repaso','Buen dia Estimado, claro lo subire a crea en la brevedad. Saludos cordiales.','2021-06-03 15:12:43'),(17,'30021004','50012001','2021-06-01 23:34:09','Profe, podria mandar el pdf que nombro la clase pasada?, que me ayudaria un poco mas de material de repaso','contestado','PDF Repaso','Buen dia Estimado, claro lo subire a crea en la brevedad. Saludos cordiales.','2021-06-03 15:12:43'),(18,'30021004','50013005','2021-06-01 23:34:09','Profe, podria mandar el pdf que nombro la clase pasada?, que me ayudaria un poco mas de material de repaso','contestado','PDF Repaso','Buen dia Estimado, claro lo subire a crea en la brevedad. Saludos cordiales.','2021-06-03 15:12:43'),(19,'30021004','50014009','2021-06-01 23:34:09','Profe, podria mandar el pdf que nombro la clase pasada?, que me ayudaria un poco mas de material de repaso','contestado','PDF Repaso','Buen dia Estimado, claro lo subire a crea en la brevedad. Saludos cordiales.','2021-06-03 15:12:43'),(20,'30021004','50015003','2021-06-01 23:34:09','Profe, podria mandar el pdf que nombro la clase pasada?, que me ayudaria un poco mas de material de repaso','contestado','PDF Repaso','Buen dia Estimado, claro lo subire a crea en la brevedad. Saludos cordiales.','2021-06-03 15:12:43'),(21,'30021004','50016007','2021-06-01 23:34:09','Profe, podria mandar el pdf que nombro la clase pasada?, que me ayudaria un poco mas de material de repaso','contestado','PDF Repaso','Buen dia Estimado, claro lo subire a crea en la brevedad. Saludos cordiales.','2021-06-03 15:12:43'),(22,'30021004','50017001','2021-06-01 23:34:09','Profe, podria mandar el pdf que nombro la clase pasada?, que me ayudaria un poco mas de material de repaso','contestado','PDF Repaso','Buen dia Estimado, claro lo subire a crea en la brevedad. Saludos cordiales.','2021-06-03 15:12:43'),(23,'30021004','50018005','2021-06-01 23:34:09','Profe, podria mandar el pdf que nombro la clase pasada?, que me ayudaria un poco mas de material de repaso','contestado','PDF Repaso','Buen dia Estimado, claro lo subire a crea en la brevedad. Saludos cordiales.','2021-06-03 15:12:43'),(24,'30021004','50019009','2021-06-01 23:34:09','Profe, podria mandar el pdf que nombro la clase pasada?, que me ayudaria un poco mas de material de repaso','contestado','PDF Repaso','Buen dia Estimado, claro lo subire a crea en la brevedad. Saludos cordiales.','2021-06-03 15:12:43'),(25,'30021004','50020006','2021-06-01 23:34:09','Profe, podria mandar el pdf que nombro la clase pasada?, que me ayudaria un poco mas de material de repaso','contestado','PDF Repaso','Buen dia Estimado, claro lo subire a crea en la brevedad. Saludos cordiales.','2021-06-03 15:12:43'),(26,'30014003','50021000','2021-06-01 23:34:09','Profe, podria mandar el pdf que nombro la clase pasada?, que me ayudaria un poco mas de material de repaso','contestado','PDF Repaso','Buen dia Estimado, claro lo subire a crea en la brevedad. Saludos cordiales.','2021-06-03 15:12:43'),(27,'30013009','50022004','2021-06-01 23:34:09','Profe, podria mandar el pdf que nombro la clase pasada?, que me ayudaria un poco mas de material de repaso','contestado','PDF Repaso','Buen dia Estimado, claro lo subire a crea en la brevedad. Saludos cordiales.','2021-06-03 15:12:43'),(28,'30013009','50023008','2021-06-01 23:34:09','Profe, podria mandar el pdf que nombro la clase pasada?, que me ayudaria un poco mas de material de repaso','contestado','PDF Repaso','Buen dia Estimado, claro lo subire a crea en la brevedad. Saludos cordiales.','2021-06-03 15:12:43'),(29,'30013009','50024002','2021-06-01 23:34:09','Profe, podria mandar el pdf que nombro la clase pasada?, que me ayudaria un poco mas de material de repaso','contestado','PDF Repaso','Buen dia Estimado, claro lo subire a crea en la brevedad. Saludos cordiales.','2021-06-03 15:12:43'),(30,'30013009','50025006','2021-06-01 23:34:09','Profe, podria mandar el pdf que nombro la clase pasada?, que me ayudaria un poco mas de material de repaso','contestado','PDF Repaso','Buen dia Estimado, claro lo subire a crea en la brevedad. Saludos cordiales.','2021-06-03 15:12:43'),(31,'30013009','50026000','2021-06-01 23:34:09','Profe, podria mandar el pdf que nombro la clase pasada?, que me ayudaria un poco mas de material de repaso','contestado','PDF Repaso','Buen dia Estimado, claro lo subire a crea en la brevedad. Saludos cordiales.','2021-06-03 15:12:43'),(32,'30013009','50027004','2021-06-01 23:34:09','Profe, podria mandar el pdf que nombro la clase pasada?, que me ayudaria un poco mas de material de repaso','contestado','PDF Repaso','Buen dia Estimado, claro lo subire a crea en la brevedad. Saludos cordiales.','2021-06-03 15:12:43'),(33,'30013009','50028008','2021-06-01 23:34:09','Profe, podria mandar el pdf que nombro la clase pasada?, que me ayudaria un poco mas de material de repaso','contestado','PDF Repaso','Buen dia Estimado, claro lo subire a crea en la brevedad. Saludos cordiales.','2021-06-03 15:12:43'),(34,'30013009','50029002','2021-06-01 23:34:09','Profe, podria mandar el pdf que nombro la clase pasada?, que me ayudaria un poco mas de material de repaso','contestado','PDF Repaso','Buen dia Estimado, claro lo subire a crea en la brevedad. Saludos cordiales.','2021-06-03 15:12:43'),(35,'30013009','50030009','2021-06-01 23:34:09','Profe, podria mandar el pdf que nombro la clase pasada?, que me ayudaria un poco mas de material de repaso','contestado','PDF Repaso','Buen dia Estimado, claro lo subire a crea en la brevedad. Saludos cordiales.','2021-06-03 15:12:43'),(36,'30013009','50031003','2021-06-01 23:34:09','Profe, podria mandar el pdf que nombro la clase pasada?, que me ayudaria un poco mas de material de repaso','contestado','PDF Repaso','Buen dia Estimado, claro lo subire a crea en la brevedad. Saludos cordiales.','2021-06-03 15:12:43'),(37,'30013009','50032007','2021-06-01 23:34:09','Profe, podria mandar el pdf que nombro la clase pasada?, que me ayudaria un poco mas de material de repaso','contestado','PDF Repaso','Buen dia Estimado, claro lo subire a crea en la brevedad. Saludos cordiales.','2021-06-03 15:12:43'),(38,'30013009','50033001','2021-06-01 23:34:09','Profe, podria mandar el pdf que nombro la clase pasada?, que me ayudaria un poco mas de material de repaso','contestado','PDF Repaso','Buen dia Estimado, claro lo subire a crea en la brevedad. Saludos cordiales.','2021-06-03 15:12:43'),(39,'30013009','50034005','2021-06-01 23:34:09','Profe, podria mandar el pdf que nombro la clase pasada?, que me ayudaria un poco mas de material de repaso','contestado','PDF Repaso','Buen dia Estimado, claro lo subire a crea en la brevedad. Saludos cordiales.','2021-06-03 15:12:43'),(40,'30013009','50034009','2021-06-01 23:34:09','Profe, podria mandar el pdf que nombro la clase pasada?, que me ayudaria un poco mas de material de repaso','contestado','PDF Repaso','Buen dia Estimado, claro lo subire a crea en la brevedad. Saludos cordiales.','2021-06-03 15:12:43'),(41,'30013009','50036003','2021-06-01 23:34:09','Profe, podria mandar el pdf que nombro la clase pasada?, que me ayudaria un poco mas de material de repaso','contestado','PDF Repaso','Buen dia Estimado, claro lo subire a crea en la brevedad. Saludos cordiales.','2021-06-03 15:12:43'),(42,'30012005','50036003','2021-06-01 23:34:09','Profe, podria mandar el pdf que nombro la clase pasada?, que me ayudaria un poco mas de material de repaso','contestado','PDF Repaso','Buen dia Estimado, claro lo subire a crea en la brevedad. Saludos cordiales.','2021-10-06 15:12:43'),(43,'30009000','50036003','2021-06-01 23:34:09','Profe, podria mandar el pdf que nombro la clase pasada?, que me ayudaria un poco mas de material de repaso','contestado','PDF Repaso','Buen dia Estimado, claro lo subire a crea en la brevedad. Saludos cordiales.','2021-10-06 15:12:43'),(44,'30026004','50037007','2021-06-01 23:34:09','Profe, podria mandar el pdf que nombro la clase pasada?, que me ayudaria un poco mas de material de repaso','contestado','PDF Repaso','Buen dia Estimado, claro lo subire a crea en la brevedad. Saludos cordiales.','2021-06-03 15:12:43'),(45,'30025000','50038001','2021-06-01 23:34:09','Profe, podria mandar el pdf que nombro la clase pasada?, que me ayudaria un poco mas de material de repaso','contestado','PDF Repaso','Buen dia Estimado, claro lo subire a crea en la brevedad. Saludos cordiales.','2021-06-03 15:12:43'),(46,'30020000','50039005','2021-06-01 23:34:09','Profe, podria mandar el pdf que nombro la clase pasada?, que me ayudaria un poco mas de material de repaso','contestado','PDF Repaso','Buen dia Estimado, claro lo subire a crea en la brevedad. Saludos cordiales.','2021-06-03 15:12:43'),(47,'30024006','50040002','2021-06-01 23:34:09','Profe, podria mandar el pdf que nombro la clase pasada?, que me ayudaria un poco mas de material de repaso','contestado','PDF Repaso','Buen dia Estimado, claro lo subire a crea en la brevedad. Saludos cordiales.','2021-06-03 15:12:43'),(48,'30023002','50041006','2021-06-01 23:34:09','Profe, podria mandar el pdf que nombro la clase pasada?, que me ayudaria un poco mas de material de repaso','contestado','PDF Repaso','Buen dia Estimado, claro lo subire a crea en la brevedad. Saludos cordiales.','2021-06-03 15:12:43'),(49,'30019003','50042000','2021-06-01 23:34:09','Profe, podria mandar el pdf que nombro la clase pasada?, que me ayudaria un poco mas de material de repaso','contestado','PDF Repaso','Buen dia Estimado, claro lo subire a crea en la brevedad. Saludos cordiales.','2021-06-03 15:12:43'),(50,'30017005','50043004','2021-06-01 23:34:09','Profe, podria mandar el pdf que nombro la clase pasada?, que me ayudaria un poco mas de material de repaso','contestado','PDF Repaso','Buen dia Estimado, claro lo subire a crea en la brevedad. Saludos cordiales.','2021-06-03 15:12:43'),(51,'30022008','50044008','2021-06-01 23:34:09','Profe, podria mandar el pdf que nombro la clase pasada?, que me ayudaria un poco mas de material de repaso','contestado','PDF Repaso','Buen dia Estimado, claro lo subire a crea en la brevedad. Saludos cordiales.','2021-06-03 15:12:43'),(52,'30018009','50045002','2021-06-01 23:34:09','Profe, podria mandar el pdf que nombro la clase pasada?, que me ayudaria un poco mas de material de repaso','contestado','PDF Repaso','Buen dia Estimado, claro lo subire a crea en la brevedad. Saludos cordiales.','2021-06-03 15:12:43'),(53,'30015007','50046006','2021-06-01 23:34:09','Profe, podria mandar el pdf que nombro la clase pasada?, que me ayudaria un poco mas de material de repaso','contestado','PDF Repaso','Buen dia Estimado, claro lo subire a crea en la brevedad. Saludos cordiales.','2021-06-03 15:12:43'),(54,'30027008','50047000','2021-06-01 23:34:09','Profe, podria mandar el pdf que nombro la clase pasada?, que me ayudaria un poco mas de material de repaso','contestado','PDF Repaso','Buen dia Estimado, claro lo subire a crea en la brevedad. Saludos cordiales.','2021-06-03 15:12:43'),(55,'30016001','50048004','2021-06-01 23:34:09','Profe, podria mandar el pdf que nombro la clase pasada?, que me ayudaria un poco mas de material de repaso','contestado','PDF Repaso','Buen dia Estimado, claro lo subire a crea en la brevedad. Saludos cordiales.','2021-06-03 15:12:43'),(56,'30021004','50049008','2021-06-01 23:34:09','Profe, podria mandar el pdf que nombro la clase pasada?, que me ayudaria un poco mas de material de repaso','contestado','PDF Repaso','Buen dia Estimado, claro lo subire a crea en la brevedad. Saludos cordiales.','2021-06-03 15:12:43'),(57,'30021004','50050005','2021-06-01 23:34:09','Profe, podria mandar el pdf que nombro la clase pasada?, que me ayudaria un poco mas de material de repaso','contestado','PDF Repaso','Buen dia Estimado, claro lo subire a crea en la brevedad. Saludos cordiales.','2021-06-03 15:12:43'),(58,'30021004','50051009','2021-06-01 23:34:09','Profe, podria mandar el pdf que nombro la clase pasada?, que me ayudaria un poco mas de material de repaso','contestado','PDF Repaso','Buen dia Estimado, claro lo subire a crea en la brevedad. Saludos cordiales.','2021-06-03 15:12:43'),(59,'30021004','50052003','2021-06-01 23:34:09','Profe, podria mandar el pdf que nombro la clase pasada?, que me ayudaria un poco mas de material de repaso','contestado','PDF Repaso','Buen dia Estimado, claro lo subire a crea en la brevedad. Saludos cordiales.','2021-06-03 15:12:43'),(60,'30028002','50053007','2021-06-01 23:34:09','Profe, podria mandar el pdf que nombro la clase pasada?, que me ayudaria un poco mas de material de repaso','contestado','PDF Repaso','Buen dia Estimado, claro lo subire a crea en la brevedad. Saludos cordiales.','2021-06-03 15:12:43'),(61,'30029006','50054001','2021-10-01 23:34:09','Profe, podria mandar el pdf que nombro la clase pasada?, que me ayudaria un poco mas de material de repaso','contestado','PDF Repaso','Buen dia Estimado, claro lo subire a crea en la brevedad. Saludos cordiales.','2021-10-03 15:12:43'),(62,'30029006','50054001','2021-10-01 23:34:09','Profe, podria mandar el pdf que nombro la clase pasada?, que me ayudaria un poco mas de material de repaso','contestado','PDF Repaso','Buen dia Estimado, claro lo subire a crea en la brevedad. Saludos cordiales.','2021-10-04 15:12:43'),(63,'30003006','50054001','2021-10-04 23:34:09','Profe, podria mandar el pdf que nombro la clase pasada?, que me ayudaria un poco mas de material de repaso','contestado','PDF Repaso','Buen dia Estimado, claro lo subire a crea en la brevedad. Saludos cordiales.','2021-10-08 15:12:43'),(64,'30003006','50054001','2021-10-04 23:34:09','Profe, podria mandar el pdf que nombro la clase pasada?, que me ayudaria un poco mas de material de repaso','contestado','PDF Repaso','Buen dia Estimado, claro lo subire a crea en la brevedad. Saludos cordiales.','2021-10-07 15:12:43'),(65,'30030003','50055005','2021-06-01 23:34:09','Profe, podria mandar el pdf que nombro la clase pasada?, que me ayudaria un poco mas de material de repaso','contestado','PDF Repaso','Buen dia Estimado, claro lo subire a crea en la brevedad. Saludos cordiales.','2021-06-03 15:12:43'),(66,'30031007','50056009','2021-06-01 23:34:09','Profe, podria mandar el pdf que nombro la clase pasada?, que me ayudaria un poco mas de material de repaso','contestado','PDF Repaso','Buen dia Estimado, claro lo subire a crea en la brevedad. Saludos cordiales.','2021-06-03 15:12:43'),(67,'30032001','50057003','2021-06-01 23:34:09','Profe, podria mandar el pdf que nombro la clase pasada?, que me ayudaria un poco mas de material de repaso','contestado','PDF Repaso','Buen dia Estimado, claro lo subire a crea en la brevedad. Saludos cordiales.','2021-06-03 15:12:43'),(68,'30033005','50058007','2021-06-01 23:34:09','Profe, podria mandar el pdf que nombro la clase pasada?, que me ayudaria un poco mas de material de repaso','contestado','PDF Repaso','Buen dia Estimado, claro lo subire a crea en la brevedad. Saludos cordiales.','2021-06-03 15:12:43'),(69,'30034009','50059001','2021-06-01 23:34:09','Profe, podria mandar el pdf que nombro la clase pasada?, que me ayudaria un poco mas de material de repaso','contestado','PDF Repaso','Buen dia Estimado, claro lo subire a crea en la brevedad. Saludos cordiales.','2021-06-03 15:12:43'),(70,'30035003','50060008','2021-06-01 23:34:09','Profe, podria mandar el pdf que nombro la clase pasada?, que me ayudaria un poco mas de material de repaso','contestado','PDF Repaso','Buen dia Estimado, claro lo subire a crea en la brevedad. Saludos cordiales.','2021-06-03 15:12:43'),(71,'30036007','50061002','2021-06-01 23:34:09','Profe, podria mandar el pdf que nombro la clase pasada?, que me ayudaria un poco mas de material de repaso','contestado','PDF Repaso','Buen dia Estimado, claro lo subire a crea en la brevedad. Saludos cordiales.','2021-06-03 15:12:43'),(72,'30037001','50062006','2021-06-01 23:34:09','Profe, podria mandar el pdf que nombro la clase pasada?, que me ayudaria un poco mas de material de repaso','contestado','PDF Repaso','Buen dia Estimado, claro lo subire a crea en la brevedad. Saludos cordiales.','2021-06-03 15:12:43'),(73,'30038005','50063000','2021-06-01 23:34:09','Profe, podria mandar el pdf que nombro la clase pasada?, que me ayudaria un poco mas de material de repaso','contestado','PDF Repaso','Buen dia Estimado, claro lo subire a crea en la brevedad. Saludos cordiales.','2021-06-03 15:12:43'),(74,'30039009','50064004','2021-06-01 23:34:09','Profe, podria mandar el pdf que nombro la clase pasada?, que me ayudaria un poco mas de material de repaso','contestado','PDF Repaso','Buen dia Estimado, claro lo subire a crea en la brevedad. Saludos cordiales.','2021-06-03 15:12:43'),(75,'30039009','50065008','2021-06-01 23:34:09','Profe, podria mandar el pdf que nombro la clase pasada?, que me ayudaria un poco mas de material de repaso','contestado','PDF Repaso','Buen dia Estimado, claro lo subire a crea en la brevedad. Saludos cordiales.','2021-06-03 15:12:43'),(76,'30039009','50066002','2021-06-01 23:34:09','Profe, podria mandar el pdf que nombro la clase pasada?, que me ayudaria un poco mas de material de repaso','contestado','PDF Repaso','Buen dia Estimado, claro lo subire a crea en la brevedad. Saludos cordiales.','2021-06-03 15:12:43'),(77,'30039009','50067006','2021-06-01 23:34:09','Profe, podria mandar el pdf que nombro la clase pasada?, que me ayudaria un poco mas de material de repaso','contestado','PDF Repaso','Buen dia Estimado, claro lo subire a crea en la brevedad. Saludos cordiales.','2021-06-03 15:12:43'),(78,'30039009','50068000','2021-06-01 23:34:09','Profe, podria mandar el pdf que nombro la clase pasada?, que me ayudaria un poco mas de material de repaso','contestado','PDF Repaso','Buen dia Estimado, claro lo subire a crea en la brevedad. Saludos cordiales.','2021-06-03 15:12:43'),(79,'30039009','50069004','2021-06-01 23:34:09','Profe, podria mandar el pdf que nombro la clase pasada?, que me ayudaria un poco mas de material de repaso','contestado','PDF Repaso','Buen dia Estimado, claro lo subire a crea en la brevedad. Saludos cordiales.','2021-06-03 15:12:43'),(80,'30039009','50070001','2021-06-01 23:34:09','Profe, podria mandar el pdf que nombro la clase pasada?, que me ayudaria un poco mas de material de repaso','contestado','PDF Repaso','Buen dia Estimado, claro lo subire a crea en la brevedad. Saludos cordiales.','2021-06-03 15:12:43'),(81,'30039009','50071005','2021-06-01 23:34:09','Profe, podria mandar el pdf que nombro la clase pasada?, que me ayudaria un poco mas de material de repaso','contestado','PDF Repaso','Buen dia Estimado, claro lo subire a crea en la brevedad. Saludos cordiales.','2021-06-03 15:12:43'),(82,'30039009','50072009','2021-06-01 23:34:09','Profe, podria mandar el pdf que nombro la clase pasada?, que me ayudaria un poco mas de material de repaso','contestado','PDF Repaso','Buen dia Estimado, claro lo subire a crea en la brevedad. Saludos cordiales.','2021-06-03 15:12:43'),(83,'30039009','50073003','2021-06-01 23:34:09','Profe, podria mandar el pdf que nombro la clase pasada?, que me ayudaria un poco mas de material de repaso','contestado','PDF Repaso','Buen dia Estimado, claro lo subire a crea en la brevedad. Saludos cordiales.','2021-06-03 15:12:43'),(84,'30039009','50074007','2021-06-01 23:34:09','Profe, podria mandar el pdf que nombro la clase pasada?, que me ayudaria un poco mas de material de repaso','contestado','PDF Repaso','Buen dia Estimado, claro lo subire a crea en la brevedad. Saludos cordiales.','2021-06-03 15:12:43'),(85,'30039009','50075001','2021-06-01 23:34:09','Profe, podria mandar el pdf que nombro la clase pasada?, que me ayudaria un poco mas de material de repaso','contestado','PDF Repaso','Buen dia Estimado, claro lo subire a crea en la brevedad. Saludos cordiales.','2021-06-03 15:12:43'),(86,'30039009','50076005','2021-06-01 23:34:09','Profe, podria mandar el pdf que nombro la clase pasada?, que me ayudaria un poco mas de material de repaso','contestado','PDF Repaso','Buen dia Estimado, claro lo subire a crea en la brevedad. Saludos cordiales.','2021-06-03 15:12:43');
/*!40000 ALTER TABLE `mensaje` ENABLE KEYS */;
UNLOCK TABLES;

--
-- Table structure for table `orientacion`
--

DROP TABLE IF EXISTS `orientacion`;
/*!40101 SET @saved_cs_client     = @@character_set_client */;
/*!40101 SET character_set_client = utf8 */;
CREATE TABLE `orientacion` (
  `id` int(11) NOT NULL AUTO_INCREMENT,
  `nombre` varchar(60) NOT NULL,
  `activo` tinyint(1) NOT NULL,
  PRIMARY KEY (`id`),
  UNIQUE KEY `nombre` (`nombre`)
) ENGINE=InnoDB AUTO_INCREMENT=4 DEFAULT CHARSET=latin1;
/*!40101 SET character_set_client = @saved_cs_client */;

--
-- Dumping data for table `orientacion`
--

LOCK TABLES `orientacion` WRITE;
/*!40000 ALTER TABLE `orientacion` DISABLE KEYS */;
INSERT INTO `orientacion` VALUES (1,'Informatica',1),(2,'Desarrollo y soporte',1),(3,'Desarrollo web',1);
/*!40000 ALTER TABLE `orientacion` ENABLE KEYS */;
UNLOCK TABLES;

--
-- Table structure for table `preguntaseguridad`
--

DROP TABLE IF EXISTS `preguntaseguridad`;
/*!40101 SET @saved_cs_client     = @@character_set_client */;
/*!40101 SET character_set_client = utf8 */;
CREATE TABLE `preguntaseguridad` (
  `id` int(11) NOT NULL AUTO_INCREMENT,
  `pregSeguridad` varchar(80) NOT NULL,
  PRIMARY KEY (`id`)
) ENGINE=InnoDB AUTO_INCREMENT=4 DEFAULT CHARSET=latin1;
/*!40101 SET character_set_client = @saved_cs_client */;

--
-- Dumping data for table `preguntaseguridad`
--

LOCK TABLES `preguntaseguridad` WRITE;
/*!40000 ALTER TABLE `preguntaseguridad` DISABLE KEYS */;
INSERT INTO `preguntaseguridad` VALUES (1,'¿Cuál es el nombre de tu primer mascota?'),(2,'¿En qué calle está ubicado tu primer hogar?'),(3,'¿Cual es tu sabor de helado favorito?');
/*!40000 ALTER TABLE `preguntaseguridad` ENABLE KEYS */;
UNLOCK TABLES;

--
-- Table structure for table `responde`
--

DROP TABLE IF EXISTS `responde`;
/*!40101 SET @saved_cs_client     = @@character_set_client */;
/*!40101 SET character_set_client = utf8 */;
CREATE TABLE `responde` (
  `idSolicitudModif` int(11) NOT NULL,
  `ci` char(8) NOT NULL,
  PRIMARY KEY (`idSolicitudModif`,`ci`),
  KEY `ci` (`ci`),
  CONSTRAINT `responde_ibfk_1` FOREIGN KEY (`idSolicitudModif`) REFERENCES `solicitudmodif` (`idSolicitudModif`),
  CONSTRAINT `responde_ibfk_2` FOREIGN KEY (`ci`) REFERENCES `administrador` (`ci`)
) ENGINE=InnoDB DEFAULT CHARSET=latin1;
/*!40101 SET character_set_client = @saved_cs_client */;

--
-- Dumping data for table `responde`
--

LOCK TABLES `responde` WRITE;
/*!40000 ALTER TABLE `responde` DISABLE KEYS */;
INSERT INTO `responde` VALUES (1,'00000000'),(3,'00000000'),(4,'00000000'),(5,'00000000'),(6,'00000000'),(7,'00000000');
/*!40000 ALTER TABLE `responde` ENABLE KEYS */;
UNLOCK TABLES;

--
-- Table structure for table `respondeclaseal`
--

DROP TABLE IF EXISTS `respondeclaseal`;
/*!40101 SET @saved_cs_client     = @@character_set_client */;
/*!40101 SET character_set_client = utf8 */;
CREATE TABLE `respondeclaseal` (
  `idSolicitudClaseAl` int(11) NOT NULL,
  `ciAdmin` char(8) NOT NULL,
  PRIMARY KEY (`idSolicitudClaseAl`,`ciAdmin`),
  KEY `ciAdmin` (`ciAdmin`),
  CONSTRAINT `respondeclaseal_ibfk_1` FOREIGN KEY (`idSolicitudClaseAl`) REFERENCES `solicitudclaseal` (`idSolicitudClaseAl`),
  CONSTRAINT `respondeclaseal_ibfk_2` FOREIGN KEY (`ciAdmin`) REFERENCES `administrador` (`ci`)
) ENGINE=InnoDB DEFAULT CHARSET=latin1;
/*!40101 SET character_set_client = @saved_cs_client */;

--
-- Dumping data for table `respondeclaseal`
--

LOCK TABLES `respondeclaseal` WRITE;
/*!40000 ALTER TABLE `respondeclaseal` DISABLE KEYS */;
INSERT INTO `respondeclaseal` VALUES (1,'00000000'),(2,'00000000'),(3,'00000000'),(4,'00000000'),(5,'00000000'),(6,'00000000'),(7,'00000000'),(8,'00000000'),(9,'00000000'),(10,'00000000'),(11,'00000000'),(12,'00000000'),(13,'00000000');
/*!40000 ALTER TABLE `respondeclaseal` ENABLE KEYS */;
UNLOCK TABLES;

--
-- Table structure for table `respondeclasedo`
--

DROP TABLE IF EXISTS `respondeclasedo`;
/*!40101 SET @saved_cs_client     = @@character_set_client */;
/*!40101 SET character_set_client = utf8 */;
CREATE TABLE `respondeclasedo` (
  `idSolicitudClaseDo` int(11) NOT NULL,
  `ciAdmin` char(8) NOT NULL,
  PRIMARY KEY (`idSolicitudClaseDo`,`ciAdmin`),
  KEY `ciAdmin` (`ciAdmin`),
  CONSTRAINT `respondeclasedo_ibfk_1` FOREIGN KEY (`idSolicitudClaseDo`) REFERENCES `solicitudclasedo` (`idSolicitudClaseDo`),
  CONSTRAINT `respondeclasedo_ibfk_2` FOREIGN KEY (`ciAdmin`) REFERENCES `administrador` (`ci`)
) ENGINE=InnoDB DEFAULT CHARSET=latin1;
/*!40101 SET character_set_client = @saved_cs_client */;

--
-- Dumping data for table `respondeclasedo`
--

LOCK TABLES `respondeclasedo` WRITE;
/*!40000 ALTER TABLE `respondeclasedo` DISABLE KEYS */;
INSERT INTO `respondeclasedo` VALUES (1,'00000000'),(2,'00000000'),(3,'00000000'),(4,'00000000'),(5,'00000000'),(6,'00000000'),(7,'00000000'),(8,'00000000'),(9,'00000000'),(10,'00000000'),(11,'00000000'),(12,'00000000');
/*!40000 ALTER TABLE `respondeclasedo` ENABLE KEYS */;
UNLOCK TABLES;

--
-- Table structure for table `solicitachat`
--

DROP TABLE IF EXISTS `solicitachat`;
/*!40101 SET @saved_cs_client     = @@character_set_client */;
/*!40101 SET character_set_client = utf8 */;
CREATE TABLE `solicitachat` (
  `ciAlumno` char(8) NOT NULL,
  `ciDocente` char(8) NOT NULL,
  `fechaHora` datetime NOT NULL,
  `idClase` int(11) NOT NULL,
  `oriClase` int(11) NOT NULL,
  `asignatura` varchar(10) NOT NULL,
  `pendiente` tinyint(1) NOT NULL,
  PRIMARY KEY (`ciAlumno`,`ciDocente`,`fechaHora`,`idClase`,`oriClase`,`asignatura`),
  KEY `ciDocente` (`ciDocente`),
  KEY `idClase` (`idClase`,`oriClase`),
  KEY `asignatura` (`asignatura`),
  CONSTRAINT `solicitachat_ibfk_1` FOREIGN KEY (`ciAlumno`) REFERENCES `alumno` (`ci`),
  CONSTRAINT `solicitachat_ibfk_2` FOREIGN KEY (`ciDocente`) REFERENCES `docente` (`ci`),
  CONSTRAINT `solicitachat_ibfk_3` FOREIGN KEY (`idClase`, `oriClase`) REFERENCES `clase` (`idClase`, `orientacion`),
  CONSTRAINT `solicitachat_ibfk_4` FOREIGN KEY (`asignatura`) REFERENCES `contiene` (`idAsig`)
) ENGINE=InnoDB DEFAULT CHARSET=latin1;
/*!40101 SET character_set_client = @saved_cs_client */;

--
-- Dumping data for table `solicitachat`
--

LOCK TABLES `solicitachat` WRITE;
/*!40000 ALTER TABLE `solicitachat` DISABLE KEYS */;
INSERT INTO `solicitachat` VALUES ('52848682','30001008','2021-08-15 11:34:09',11,2,'so3',0),('52848682','30003006','2021-08-12 11:34:09',11,2,'bdd2',0),('52848682','30004000','2021-08-17 11:34:09',11,2,'forme',0),('52848682','30005004','2021-08-18 11:34:09',11,2,'mate3',0);
/*!40000 ALTER TABLE `solicitachat` ENABLE KEYS */;
UNLOCK TABLES;

--
-- Table structure for table `solicitudclaseal`
--

DROP TABLE IF EXISTS `solicitudclaseal`;
/*!40101 SET @saved_cs_client     = @@character_set_client */;
/*!40101 SET character_set_client = utf8 */;
CREATE TABLE `solicitudclaseal` (
  `idSolicitudClaseAl` int(11) NOT NULL AUTO_INCREMENT,
  `fechaHora` datetime NOT NULL,
  `pendiente` tinyint(1) NOT NULL,
  `alumno` char(8) NOT NULL,
  PRIMARY KEY (`idSolicitudClaseAl`),
  KEY `alumno` (`alumno`),
  CONSTRAINT `solicitudclaseal_ibfk_1` FOREIGN KEY (`alumno`) REFERENCES `alumno` (`ci`)
) ENGINE=InnoDB AUTO_INCREMENT=14 DEFAULT CHARSET=latin1;
/*!40101 SET character_set_client = @saved_cs_client */;

--
-- Dumping data for table `solicitudclaseal`
--

LOCK TABLES `solicitudclaseal` WRITE;
/*!40000 ALTER TABLE `solicitudclaseal` DISABLE KEYS */;
INSERT INTO `solicitudclaseal` VALUES (1,'2021-03-16 02:34:09',0,'52848682'),(2,'2021-03-16 03:34:09',0,'52124670'),(3,'2021-03-16 04:34:09',0,'51972127'),(4,'2021-03-16 05:34:09',0,'50003002'),(5,'2021-03-16 06:34:09',0,'50004006'),(6,'2021-03-16 07:34:09',0,'50005000'),(7,'2021-03-16 08:34:09',0,'50006004'),(8,'2021-03-16 09:34:09',0,'50007008'),(9,'2021-03-16 10:34:09',0,'50008002'),(10,'2021-03-16 11:34:09',1,'50009006'),(11,'2021-03-16 13:34:09',1,'50010003'),(12,'2021-03-16 13:34:09',1,'50011007'),(13,'2021-03-16 14:34:09',1,'50012001');
/*!40000 ALTER TABLE `solicitudclaseal` ENABLE KEYS */;
UNLOCK TABLES;

--
-- Table structure for table `solicitudclasedo`
--

DROP TABLE IF EXISTS `solicitudclasedo`;
/*!40101 SET @saved_cs_client     = @@character_set_client */;
/*!40101 SET character_set_client = utf8 */;
CREATE TABLE `solicitudclasedo` (
  `idSolicitudClaseDo` int(11) NOT NULL AUTO_INCREMENT,
  `fechaHora` datetime NOT NULL,
  `pendiente` tinyint(1) NOT NULL,
  `docente` char(8) NOT NULL,
  PRIMARY KEY (`idSolicitudClaseDo`),
  KEY `docente` (`docente`),
  CONSTRAINT `solicitudclasedo_ibfk_1` FOREIGN KEY (`docente`) REFERENCES `docente` (`ci`)
) ENGINE=InnoDB AUTO_INCREMENT=13 DEFAULT CHARSET=latin1;
/*!40101 SET character_set_client = @saved_cs_client */;

--
-- Dumping data for table `solicitudclasedo`
--

LOCK TABLES `solicitudclasedo` WRITE;
/*!40000 ALTER TABLE `solicitudclasedo` DISABLE KEYS */;
INSERT INTO `solicitudclasedo` VALUES (1,'2021-03-16 23:34:09',0,'30001008'),(2,'2021-03-17 23:34:09',0,'30002002'),(3,'2021-03-19 23:34:09',0,'30039009'),(4,'2021-03-20 23:34:09',0,'30004000'),(5,'2021-03-25 23:34:09',0,'30005004'),(6,'2021-03-23 23:34:09',0,'30006008'),(7,'2021-03-22 23:34:09',0,'30007002'),(8,'2021-03-21 23:34:09',0,'30008006'),(9,'2021-03-21 23:34:09',1,'30009000'),(10,'2021-03-28 23:34:09',1,'30010007'),(11,'2021-03-28 23:35:09',1,'30011001'),(12,'2021-03-28 23:36:09',1,'30012005');
/*!40000 ALTER TABLE `solicitudclasedo` ENABLE KEYS */;
UNLOCK TABLES;

--
-- Table structure for table `solicitudmodif`
--

DROP TABLE IF EXISTS `solicitudmodif`;
/*!40101 SET @saved_cs_client     = @@character_set_client */;
/*!40101 SET character_set_client = utf8 */;
CREATE TABLE `solicitudmodif` (
  `idSolicitudModif` int(11) NOT NULL AUTO_INCREMENT,
  `fechaHora` datetime NOT NULL,
  `contraNueva` varchar(30) NOT NULL,
  `pendiente` tinyint(1) NOT NULL,
  `aceptada` tinyint(1) DEFAULT NULL,
  `usuario` char(8) NOT NULL,
  PRIMARY KEY (`idSolicitudModif`,`usuario`),
  KEY `usuario` (`usuario`),
  CONSTRAINT `solicitudmodif_ibfk_1` FOREIGN KEY (`usuario`) REFERENCES `usuario` (`ci`)
) ENGINE=InnoDB AUTO_INCREMENT=11 DEFAULT CHARSET=latin1;
/*!40101 SET character_set_client = @saved_cs_client */;

--
-- Dumping data for table `solicitudmodif`
--

LOCK TABLES `solicitudmodif` WRITE;
/*!40000 ALTER TABLE `solicitudmodif` DISABLE KEYS */;
INSERT INTO `solicitudmodif` VALUES (1,'2021-09-01 23:34:09','AGUSTIN_MIO',0,0,'52848682'),(2,'2021-09-16 23:34:09','palme1234',1,0,'52848682'),(3,'2021-10-02 23:34:09','mauro1234',0,1,'52124670'),(4,'2021-10-03 23:34:09','agustin1234',0,1,'51972127'),(5,'2021-10-04 23:34:09','alumno51234',0,0,'50005000'),(6,'2021-10-05 23:34:09','alumno61234',0,0,'50006004'),(7,'2021-11-05 23:34:09','alumno71234',0,0,'50007008'),(8,'2021-12-05 23:34:09','alumno91234',1,NULL,'50009006'),(9,'2021-12-06 23:34:09','alumno101234',1,NULL,'50010003'),(10,'2021-12-08 23:34:09','alumno111234',1,NULL,'50011007');
/*!40000 ALTER TABLE `solicitudmodif` ENABLE KEYS */;
UNLOCK TABLES;

--
-- Table structure for table `usuario`
--

DROP TABLE IF EXISTS `usuario`;
/*!40101 SET @saved_cs_client     = @@character_set_client */;
/*!40101 SET character_set_client = utf8 */;
CREATE TABLE `usuario` (
  `ci` char(8) NOT NULL,
  `apodo` varchar(30) NOT NULL,
  `nombre` varchar(30) NOT NULL,
  `contrasenia` varchar(30) NOT NULL,
  `apellido` varchar(30) NOT NULL,
  `segApellido` varchar(30) DEFAULT NULL,
  `resSeguridad` varchar(30) NOT NULL,
  `foto` mediumblob,
  `activo` tinyint(1) NOT NULL,
  `id` int(11) NOT NULL,
  PRIMARY KEY (`ci`),
  KEY `id` (`id`),
  CONSTRAINT `usuario_ibfk_1` FOREIGN KEY (`id`) REFERENCES `preguntaseguridad` (`id`)
) ENGINE=InnoDB DEFAULT CHARSET=latin1;
/*!40101 SET character_set_client = @saved_cs_client */;

--
-- Dumping data for table `usuario`
--

LOCK TABLES `usuario` WRITE;
/*!40000 ALTER TABLE `usuario` DISABLE KEYS */;
INSERT INTO `usuario` VALUES ('00000000','Administrador','Administrador','L2tpbGwgQG1l','Del','Sistema','Agua granizada',NULL,1,3),('30001008','Jose','Jose','12345678','Alvarez','Gutierrez','coco',NULL,1,3),('30002002','Pepe','Pedro','87654321','Sanchez','Guerra','Trueno',NULL,1,1),('30003006','Alber','Alberto','11111111','Santin','Fierro','Anini',NULL,1,1),('30004000','Gregorio','Gregorio','Gregorio1234','Marino','','Crema',NULL,1,3),('30005004','Ezequiel','Ezequiel','Ezequiel1234','Baubeta','','Crema',NULL,1,3),('30006008','Eugenio','Eugenio','Eugenio1234','Greco','','Crema',NULL,1,3),('30007002','Benito','Benito','Benito1234','Ricci','','Crema',NULL,1,3),('30008006','Pascual','Pascual','Pascual1234','Colombo','','Crema',NULL,1,3),('30009000','Bartolomé','Bartolomé','Bartolomé1234','Bianchi','','Crema',NULL,1,3),('30010007','Marcelino','Marcelino','Marcelino1234','Esposito','','Crema',NULL,1,3),('30011001','Aurelio','Aurelio','Aurelio1234','Santin','','Crema',NULL,1,3),('30012005','Jacinto','Jacinto','Jacinto1234','Ferrari','','Crema',NULL,1,3),('30013009','Mariano','Mariano','Mariano1234','Rossi','','Crema',NULL,1,3),('30014003','José ','José ','José1234','Ramos','','Crema',NULL,1,3),('30015007','Pilar','Pilar','Pilar1234','Muñoz','','Crema',NULL,1,3),('30016001','Mercedes','Mercedes','Mercedes1234','Diaz','','Crema',NULL,1,3),('30017005','Antonia','Antonia','Antonia1234','Alonso','','Crema',NULL,1,3),('30018009','Luisa','Luisa','Luisa1234','Alvarez','','Crema',NULL,1,3),('30019003','Francisca','Francisca','Francisca1234','Alonzo','','Crema',NULL,1,3),('30020000','Francisco','Francisco','Francisco1234','Torres','','Crema',NULL,1,3),('30021004','Rosario','Rosario','Rosario1234','Hernandez','','Crema',NULL,1,3),('30022008','Dolores','Dolores','Dolores1234','Romero','','Crema',NULL,1,3),('30023002','Angel','Angel','Angel1234','Gutierrez','','Crema',NULL,1,3),('30024006','David','David','David1234','Navarro','','Crema',NULL,1,3),('30025000','Manuel','Manuel','Manuel1234','Dominguez','','Crema',NULL,1,3),('30026004','María','María','María1234','Vazquez','','Crema',NULL,1,3),('30027008','Manuela','Manuela','Manuela1234','Moreno','','Crema',NULL,1,3),('30028002','Juana','Juana','Juana1234','Ruiz','','Crema',NULL,1,3),('30029006','Teresa','Teresa','Teresa1234','Jimenez','','Crema',NULL,1,3),('30030003','Rosa','Rosa','Rosa1234','Martin','','Crema',NULL,1,3),('30031007','Margarita','Margarita','Margarita1234','Gomez','','Crema',NULL,1,3),('30032001','Amparo','Amparo','Amparo1234','Perez','','Crema',NULL,1,3),('30033005','Nathalie','Nathalie','Nathalie1234','Sanchez','','Crema',NULL,1,3),('30034009','Marco','Marco','Marco1234','Martinez','','Crema',NULL,1,3),('30035003','Valentina','Valentina','Valentina1234','Lopez','','Crema',NULL,1,3),('30036007','David','David','David1234','Fernandez','','Crema',NULL,1,3),('30037001','Susan','Susan','Susan1234','Rodriguez','','Crema',NULL,1,3),('30038005','Bautista','Bautista','Bautista1234','Gonzales','','Crema',NULL,1,3),('30039009','Eleuterio','Eleuterio','Eleuterio1234','Garcia','','Crema',NULL,1,3),('50003002','Andres','Andres','Andres1234','Alvarez','','Chocolate',NULL,1,3),('50004006','Cristiano','Cristiano','Cristiano1234','Andrade','','Chocolate',NULL,1,3),('50005000','Gerard','Gerard','Gerard1234','Castillo','','Chocolate',NULL,1,3),('50006004','Isabella','Isabella','Isabella1234','Benítez','','Chocolate',NULL,1,3),('50007008','Martina','Martina','Martina1234','Castro','','Chocolate',NULL,1,3),('50008002','Benjamín','Benjamín','Benjamín1234','Contreras','','Chocolate',NULL,1,3),('50009006','Martina','Martina','Martina1234','De León','','Chocolate',NULL,1,3),('50010003','Bautista','Bautista','Bautista1234','Díaz','','Chocolate',NULL,1,3),('50011007','Catalina','Catalina','Catalina1234','Duarte','','Chocolate',NULL,1,3),('50012001','Felipe','Felipe','Felipe1234','Espinoza','','Chocolate',NULL,1,3),('50013005','Sofía','Sofía','Sofía1234','Fernández','','Chocolate',NULL,1,3),('50014009','Valentino','Valentino','Valentino1234','Flores','','Chocolate',NULL,1,3),('50015003','Olivia','Olivia','Olivia1234','García','','Chocolate',NULL,1,3),('50016007','Benicio','Benicio','Benicio1234','Giménez','','Chocolate',NULL,1,3),('50017001','Emma','Emma','Emma1234','Gómez','','Chocolate',NULL,1,3),('50018005','Benicio','Benicio','Benicio1234','Gonzales','','Chocolate',NULL,1,3),('50019009','Delfina','Delfina','Delfina1234','González','','Chocolate',NULL,1,3),('50020006','Joaquín','Joaquín','Joaquín1234','Gutiérrez','','Chocolate',NULL,1,3),('50021000','Lorenzo','Lorenzo','Lorenzo1234','Gonzales','','Chocolate',NULL,1,3),('50022004','Delfina','Delfina','Delfina1234','Hernández','','Chocolate',NULL,1,3),('50023008','Santino','Santino','Santino1234','Jiménez','','Chocolate',NULL,1,3),('50024002','Emilia','Emilia','Emilia1234','López','','Chocolate',NULL,1,3),('50025006','Juan Ignacio','Juan Ignacio','Juan1234','Mamani','','Chocolate',NULL,1,3),('50026000','Francesca','Francesca','Francesca1234','Martínez','','Chocolate',NULL,1,3),('50027004','Mateo','Mateo','Mateo1234','Mejía','','Chocolate',NULL,1,3),('50028008','Valentina','Valentina','Valentina1234','Mora','','Chocolate',NULL,1,3),('50029002','Francisco','Francisco','Francisco1234','Morales','','Chocolate',NULL,1,3),('50030009','Valentina','Valentina','Valentina1234','Moreno','','Chocolate',NULL,1,3),('50031003','Thiago','Thiago','Thiago1234','Muñoz','','Chocolate',NULL,1,3),('50032007','Benjamín','Benjamín','Benjamín1234','Pereira','','Chocolate',NULL,1,3),('50033001','Victoria','Victoria','Victoria1234','Pérez','','Chocolate',NULL,1,3),('50034005','Santiago','Santiago','Santiago1234','Pineda','','Chocolate',NULL,1,3),('50034009','Victoria','Victoria','Victoria1234','Portillo','','Chocolate',NULL,1,3),('50036003','Agustín','Agustín','Agustín1234','Quispe','','Chocolate',NULL,1,3),('50037007','Tomás','Tomás','Tomás1234','Ramírez','','Chocolate',NULL,1,3),('50038001','Alma','Alma','Alma1234','Reyes','','Chocolate',NULL,1,3),('50039005','Juana','Juana','Juana1234','Rivas','','Chocolate',NULL,1,3),('50040002','Julieta','Julieta','Julieta1234','Rivera','','Chocolate',NULL,1,3),('50041006','Morena','Morena','Morena1234','Rodríguez','','Chocolate',NULL,1,3),('50042000','Josefina','Josefina','Josefina1234','Rojas','','Chocolate',NULL,1,3),('50043004','Juan Carlos','Juan Carlos','Juan1234','Salazar','','Chocolate',NULL,1,3),('50044008','Martha','Martha','Martha1234','Sánchez','','Chocolate',NULL,1,3),('50045002','José Luis','José Luis','José1234','Santana','','Chocolate',NULL,1,3),('50046006','Roxana','Roxana','Roxana1234','Santos','','Chocolate',NULL,1,3),('50047000','Marco','Marco','Marco1234','Silva','','Chocolate',NULL,1,3),('50048004','Ana María','Ana María','Ana1234','Sosa','','Chocolate',NULL,1,3),('50049008','Antonio','Antonio','Antonio1234','Soto','','Chocolate',NULL,1,3),('50050005','Elizabeth','Elizabeth','Elizabeth1234','Torres','','Chocolate',NULL,1,3),('50051009','Miguel Ángel','Miguel Ángel','Miguel1234','Vargas','','Chocolate',NULL,1,3),('50052003','Sonia','Sonia','Sonia1234','Vera','','Chocolate',NULL,1,3),('50053007','Juan','Juan','Juan1234','Villalba','','Chocolate',NULL,1,3),('50054001','Juana','Juana','Juana1234','Zambrano','','Chocolate',NULL,1,3),('50055005','Mario','Mario','Mario1234','Quispe','','Chocolate',NULL,1,3),('50056009','Patricia','Patricia','Patricia1234','Vargas','','Chocolate',NULL,1,3),('50057003','Fernando','Fernando','Fernando1234','Fernandez','','Chocolate',NULL,1,3),('50058007','Lidia','Lidia','Lidia1234','Garcia','','Chocolate',NULL,1,3),('50059001','Víctor Hugo','Víctor Hugo','Víctor1234','Perez','','Chocolate',NULL,1,3),('50060008','Rosmery','Rosmery','Rosmery1234','Sanchez','','Chocolate',NULL,1,3),('50061002','Jorge','Jorge','Jorge1234','Chavez','','Chocolate',NULL,1,3),('50062006','Carmen','Carmen','Carmen1234','Apaza','','Chocolate',NULL,1,3),('50063000','Hugo','Hugo','Hugo1234','Vaca','','Chocolate',NULL,1,3),('50064004','Laura','Laura','Laura1234','Guzman','','Chocolate',NULL,1,3),('50065008','Antonio','Antonio','Antonio1234','Aguilar','','Chocolate',NULL,1,3),('50066002','Ana','Ana','Ana1234','Romero','','Chocolate',NULL,1,3),('50067006','Pablo','Pablo','Pablo1234','Cuellar','','Chocolate',NULL,1,3),('50068000','Patricia','Patricia','Patricia1234','Vasquez','','Chocolate',NULL,1,3),('50069004','Wikermanyonaiden','Wikermanyonaiden','Wikermanyonaiden1234','Piernavieja','Nari','Pistacho',NULL,1,3),('50070001','José','José','José1234','Morales','','Chocolate',NULL,1,3),('50071005','Manuel','Manuel','Manuel1234','Ortiz','','Chocolate',NULL,1,3),('50072009','Paula','Paula','Paula1234','Ticona','','Chocolate',NULL,1,3),('50073003','Víctor','Víctor','Víctor1234','Chambi','','Chocolate',NULL,1,3),('50074007','Santiago','Santiago','Santiago1234','Calle','','Chocolate',NULL,1,3),('50075001','Luciana','Luciana','Luciana1234','Mendez','','Chocolate',NULL,1,3),('50076005','Matías','Matías','Matías1234','Nina','','Chocolate',NULL,1,3),('51972127','Agustin','Agustin','agustin1234','Pastorelli','Do Prado','Quichuas',NULL,1,2),('52124670','Mauro','Mauro','mauro1234','Liguori','Arias','Neron',NULL,1,1),('52848682','Palme','Matheo','matheo1234','Santana','Honey','Guayabos',NULL,1,2);
/*!40000 ALTER TABLE `usuario` ENABLE KEYS */;
UNLOCK TABLES;
/*!40103 SET TIME_ZONE=@OLD_TIME_ZONE */;

/*!40101 SET SQL_MODE=@OLD_SQL_MODE */;
/*!40014 SET FOREIGN_KEY_CHECKS=@OLD_FOREIGN_KEY_CHECKS */;
/*!40014 SET UNIQUE_CHECKS=@OLD_UNIQUE_CHECKS */;
/*!40101 SET CHARACTER_SET_CLIENT=@OLD_CHARACTER_SET_CLIENT */;
/*!40101 SET CHARACTER_SET_RESULTS=@OLD_CHARACTER_SET_RESULTS */;
/*!40101 SET COLLATION_CONNECTION=@OLD_COLLATION_CONNECTION */;
/*!40111 SET SQL_NOTES=@OLD_SQL_NOTES */;

-- Dump completed on 2021-11-02 23:30:37
